InstanceType,AcceleratorName,AcceleratorCount,vCPUs,MemoryGiB,Price,Region,GpuInfo,SpotPrice
latitude_A100_80Gx8,A100_80G,8.0,128.0,1536,8.28,frankfurt-germany-4,"{'Gpus': [{'Name': 'A100_80G', 'Manufacturer': 'NVIDIA', 'Count': 8.0, 'MemoryInfo': {'SizeInMiB': 1572864}}], 'TotalGpuMemoryInMiB': 1572864}",
imwt_A6000,A6000,1.0,6.0,48,0.49,kansascity-usa-6,"{'Gpus': [{'Name': 'A6000', 'Manufacturer': 'NVIDIA', 'Count': 1.0, 'MemoryInfo': {'SizeInMiB': 49152}}], 'TotalGpuMemoryInMiB': 49152}",
imwt_A6000,A6000,1.0,6.0,48,0.49,kansascity-usa-2,"{'Gpus': [{'Name': 'A6000', 'Manufacturer': 'NVIDIA', 'Count': 1.0, 'MemoryInfo': {'SizeInMiB': 49152}}], 'TotalGpuMemoryInMiB': 49152}",
excesssupply_H200_sxm5x8_NVLINK,H200,8.0,128.0,1600,19.6,kansascity-usa-4,"{'Gpus': [{'Name': 'H200', 'Manufacturer': 'NVIDIA', 'Count': 8.0, 'MemoryInfo': {'SizeInMiB': 1638400}}], 'TotalGpuMemoryInMiB': 1638400}",
excesssupply_H200_sxm5x8_NVLINK_eu,H200,8.0,128.0,1600,26.0,kansascity-usa-4,"{'Gpus': [{'Name': 'H200', 'Manufacturer': 'NVIDIA', 'Count': 8.0, 'MemoryInfo': {'SizeInMiB': 1638400}}], 'TotalGpuMemoryInMiB': 1638400}",
excesssupply_H200_sxm5x8_NVLINK_eu,H200,8.0,128.0,1600,26.0,paris-france-3,"{'Gpus': [{'Name': 'H200', 'Manufacturer': 'NVIDIA', 'Count': 8.0, 'MemoryInfo': {'SizeInMiB': 1638400}}], 'TotalGpuMemoryInMiB': 1638400}",
excesssupply_H200_sxm5x8_NVLINK_eu,H200,8.0,128.0,1600,26.0,helsinki-finland-4,"{'Gpus': [{'Name': 'H200', 'Manufacturer': 'NVIDIA', 'Count': 8.0, 'MemoryInfo': {'SizeInMiB': 1638400}}], 'TotalGpuMemoryInMiB': 1638400}",
excesssupply_H200_sxm5_eu,H200,1.0,16.0,200,3.25,helsinki-finland-4,"{'Gpus': [{'Name': 'H200', 'Manufacturer': 'NVIDIA', 'Count': 1.0, 'MemoryInfo': {'SizeInMiB': 204800}}], 'TotalGpuMemoryInMiB': 204800}",
excesssupply_H200_sxm5_eu,H200,1.0,16.0,200,3.25,paris-france-3,"{'Gpus': [{'Name': 'H200', 'Manufacturer': 'NVIDIA', 'Count': 1.0, 'MemoryInfo': {'SizeInMiB': 204800}}], 'TotalGpuMemoryInMiB': 204800}",
excesssupply_H200_sxm5_eu,H200,1.0,16.0,200,3.25,kansascity-usa-4,"{'Gpus': [{'Name': 'H200', 'Manufacturer': 'NVIDIA', 'Count': 1.0, 'MemoryInfo': {'SizeInMiB': 204800}}], 'TotalGpuMemoryInMiB': 204800}",
imwt_A6000x2,A6000,2.0,14.0,96,0.98,kansascity-usa-2,"{'Gpus': [{'Name': 'A6000', 'Manufacturer': 'NVIDIA', 'Count': 2.0, 'MemoryInfo': {'SizeInMiB': 98304}}], 'TotalGpuMemoryInMiB': 98304}",
imwt_A6000x4,A6000,4.0,30.0,192,1.96,kansascity-usa-2,"{'Gpus': [{'Name': 'A6000', 'Manufacturer': 'NVIDIA', 'Count': 4.0, 'MemoryInfo': {'SizeInMiB': 196608}}], 'TotalGpuMemoryInMiB': 196608}",
scaleway_L4,L4,1.0,8.0,48,0.9,paris-france-5,"{'Gpus': [{'Name': 'L4', 'Manufacturer': 'NVIDIA', 'Count': 1.0, 'MemoryInfo': {'SizeInMiB': 49152}}], 'TotalGpuMemoryInMiB': 49152}",
scaleway_L4,L4,1.0,8.0,48,0.9,paris-france-1,"{'Gpus': [{'Name': 'L4', 'Manufacturer': 'NVIDIA', 'Count': 1.0, 'MemoryInfo': {'SizeInMiB': 49152}}], 'TotalGpuMemoryInMiB': 49152}",
scaleway_L4,L4,1.0,8.0,48,0.9,warsaw-poland-1,"{'Gpus': [{'Name': 'L4', 'Manufacturer': 'NVIDIA', 'Count': 1.0, 'MemoryInfo': {'SizeInMiB': 49152}}], 'TotalGpuMemoryInMiB': 49152}",
cudo_A6000,A6000,1.0,6.0,24,0.59,stockholm-sweden-2,"{'Gpus': [{'Name': 'A6000', 'Manufacturer': 'NVIDIA', 'Count': 1.0, 'MemoryInfo': {'SizeInMiB': 24576}}], 'TotalGpuMemoryInMiB': 24576}",
cudo_A6000x2,A6000,2.0,12.0,48,1.17,stockholm-sweden-2,"{'Gpus': [{'Name': 'A6000', 'Manufacturer': 'NVIDIA', 'Count': 2.0, 'MemoryInfo': {'SizeInMiB': 49152}}], 'TotalGpuMemoryInMiB': 49152}",
paperspace_A100_sxm4_80Gx8,A100_80G,8.0,96.0,720,25.76,newyork-usa-1,"{'Gpus': [{'Name': 'A100_80G', 'Manufacturer': 'NVIDIA', 'Count': 8.0, 'MemoryInfo': {'SizeInMiB': 737280}}], 'TotalGpuMemoryInMiB': 737280}",
boostrun_RTX4090x8,RTX4090,8.0,64.0,512,3.92,raleigh-usa-1,"{'Gpus': [{'Name': 'RTX4090', 'Manufacturer': 'NVIDIA', 'Count': 8.0, 'MemoryInfo': {'SizeInMiB': 524288}}], 'TotalGpuMemoryInMiB': 524288}",
hyperstack_H100x8_NVLINK,H100,8.0,252.0,1440,15.6,montreal-canada-2,"{'Gpus': [{'Name': 'H100', 'Manufacturer': 'NVIDIA', 'Count': 8.0, 'MemoryInfo': {'SizeInMiB': 1474560}}], 'TotalGpuMemoryInMiB': 1474560}",
datacrunch_B200x8,B200,8.0,248.0,2000,39.2,helsinki-finland-5,"{'Gpus': [{'Name': 'B200', 'Manufacturer': 'NVIDIA', 'Count': 8.0, 'MemoryInfo': {'SizeInMiB': 2048000}}], 'TotalGpuMemoryInMiB': 2048000}",
datacrunch_B200,B200,1.0,31.0,250,4.9,helsinki-finland-5,"{'Gpus': [{'Name': 'B200', 'Manufacturer': 'NVIDIA', 'Count': 1.0, 'MemoryInfo': {'SizeInMiB': 256000}}], 'TotalGpuMemoryInMiB': 256000}",
horizon_H100x4,H100,4.0,80.0,800,7.8,blonduos-iceland-2,"{'Gpus': [{'Name': 'H100', 'Manufacturer': 'NVIDIA', 'Count': 4.0, 'MemoryInfo': {'SizeInMiB': 819200}}], 'TotalGpuMemoryInMiB': 819200}",
horizon_H100x2,H100,2.0,40.0,400,3.9,blonduos-iceland-2,"{'Gpus': [{'Name': 'H100', 'Manufacturer': 'NVIDIA', 'Count': 2.0, 'MemoryInfo': {'SizeInMiB': 409600}}], 'TotalGpuMemoryInMiB': 409600}",
horizon_H100x8,H100,8.0,160.0,1536,15.6,blonduos-iceland-2,"{'Gpus': [{'Name': 'H100', 'Manufacturer': 'NVIDIA', 'Count': 8.0, 'MemoryInfo': {'SizeInMiB': 1572864}}], 'TotalGpuMemoryInMiB': 1572864}",
paperspace_H100,H100,1.0,16.0,268,5.99,newyork-usa-1,"{'Gpus': [{'Name': 'H100', 'Manufacturer': 'NVIDIA', 'Count': 1.0, 'MemoryInfo': {'SizeInMiB': 274432}}], 'TotalGpuMemoryInMiB': 274432}",
cudo_A40x4,A40,4.0,24.0,96,1.8,stockholm-sweden-2,"{'Gpus': [{'Name': 'A40', 'Manufacturer': 'NVIDIA', 'Count': 4.0, 'MemoryInfo': {'SizeInMiB': 98304}}], 'TotalGpuMemoryInMiB': 98304}",
cudo_A40x4,A40,4.0,24.0,96,1.8,montreal-canada-4,"{'Gpus': [{'Name': 'A40', 'Manufacturer': 'NVIDIA', 'Count': 4.0, 'MemoryInfo': {'SizeInMiB': 98304}}], 'TotalGpuMemoryInMiB': 98304}",
cudo_A40x8,A40,8.0,48.0,192,3.6,montreal-canada-4,"{'Gpus': [{'Name': 'A40', 'Manufacturer': 'NVIDIA', 'Count': 8.0, 'MemoryInfo': {'SizeInMiB': 196608}}], 'TotalGpuMemoryInMiB': 196608}",
cudo_A40x8,A40,8.0,48.0,192,3.6,stockholm-sweden-2,"{'Gpus': [{'Name': 'A40', 'Manufacturer': 'NVIDIA', 'Count': 8.0, 'MemoryInfo': {'SizeInMiB': 196608}}], 'TotalGpuMemoryInMiB': 196608}",
cudo_A5000,A5000,1.0,6.0,24,0.49,montreal-canada-4,"{'Gpus': [{'Name': 'A5000', 'Manufacturer': 'NVIDIA', 'Count': 1.0, 'MemoryInfo': {'SizeInMiB': 24576}}], 'TotalGpuMemoryInMiB': 24576}",
cudo_L40Sx2,L40S,2.0,24.0,96,2.96,melbourne-australia-1,"{'Gpus': [{'Name': 'L40S', 'Manufacturer': 'NVIDIA', 'Count': 2.0, 'MemoryInfo': {'SizeInMiB': 98304}}], 'TotalGpuMemoryInMiB': 98304}",
cudo_A6000x4,A6000,4.0,24.0,96,2.34,stockholm-sweden-2,"{'Gpus': [{'Name': 'A6000', 'Manufacturer': 'NVIDIA', 'Count': 4.0, 'MemoryInfo': {'SizeInMiB': 98304}}], 'TotalGpuMemoryInMiB': 98304}",
hyperstack_A4000x10,A4000,10.0,56.0,215,1.5,oslo-norway-1,"{'Gpus': [{'Name': 'A4000', 'Manufacturer': 'NVIDIA', 'Count': 10.0, 'MemoryInfo': {'SizeInMiB': 220160}}], 'TotalGpuMemoryInMiB': 220160}",
cudo_L40S,L40S,1.0,12.0,48,1.48,melbourne-australia-1,"{'Gpus': [{'Name': 'L40S', 'Manufacturer': 'NVIDIA', 'Count': 1.0, 'MemoryInfo': {'SizeInMiB': 49152}}], 'TotalGpuMemoryInMiB': 49152}",
cudo_L40Sx4,L40S,4.0,48.0,192,5.91,melbourne-australia-1,"{'Gpus': [{'Name': 'L40S', 'Manufacturer': 'NVIDIA', 'Count': 4.0, 'MemoryInfo': {'SizeInMiB': 196608}}], 'TotalGpuMemoryInMiB': 196608}",
cudo_A5000x2,A5000,2.0,12.0,48,0.97,montreal-canada-4,"{'Gpus': [{'Name': 'A5000', 'Manufacturer': 'NVIDIA', 'Count': 2.0, 'MemoryInfo': {'SizeInMiB': 49152}}], 'TotalGpuMemoryInMiB': 49152}",
cudo_A5000x8,A5000,8.0,48.0,192,3.62,montreal-canada-4,"{'Gpus': [{'Name': 'A5000', 'Manufacturer': 'NVIDIA', 'Count': 8.0, 'MemoryInfo': {'SizeInMiB': 196608}}], 'TotalGpuMemoryInMiB': 196608}",
cudo_A40x2,A40,2.0,12.0,48,1.05,montreal-canada-4,"{'Gpus': [{'Name': 'A40', 'Manufacturer': 'NVIDIA', 'Count': 2.0, 'MemoryInfo': {'SizeInMiB': 49152}}], 'TotalGpuMemoryInMiB': 49152}",
cudo_A40x2,A40,2.0,12.0,48,1.05,stockholm-sweden-2,"{'Gpus': [{'Name': 'A40', 'Manufacturer': 'NVIDIA', 'Count': 2.0, 'MemoryInfo': {'SizeInMiB': 49152}}], 'TotalGpuMemoryInMiB': 49152}",
cudo_A40,A40,1.0,6.0,24,0.53,montreal-canada-4,"{'Gpus': [{'Name': 'A40', 'Manufacturer': 'NVIDIA', 'Count': 1.0, 'MemoryInfo': {'SizeInMiB': 24576}}], 'TotalGpuMemoryInMiB': 24576}",
cudo_A40,A40,1.0,6.0,24,0.53,stockholm-sweden-2,"{'Gpus': [{'Name': 'A40', 'Manufacturer': 'NVIDIA', 'Count': 1.0, 'MemoryInfo': {'SizeInMiB': 24576}}], 'TotalGpuMemoryInMiB': 24576}",
cudo_A100_80G,A100_80G,1.0,12.0,48,1.83,kristiansand-norway-2,"{'Gpus': [{'Name': 'A100_80G', 'Manufacturer': 'NVIDIA', 'Count': 1.0, 'MemoryInfo': {'SizeInMiB': 49152}}], 'TotalGpuMemoryInMiB': 49152}",
cudo_A100_80Gx4,A100_80G,4.0,48.0,192,7.32,kristiansand-norway-2,"{'Gpus': [{'Name': 'A100_80G', 'Manufacturer': 'NVIDIA', 'Count': 4.0, 'MemoryInfo': {'SizeInMiB': 196608}}], 'TotalGpuMemoryInMiB': 196608}",
cudo_A100_80Gx2,A100_80G,2.0,24.0,96,3.66,kristiansand-norway-2,"{'Gpus': [{'Name': 'A100_80G', 'Manufacturer': 'NVIDIA', 'Count': 2.0, 'MemoryInfo': {'SizeInMiB': 98304}}], 'TotalGpuMemoryInMiB': 98304}",
evergreen_RTX4090x8,RTX4090,8.0,48.0,256,3.2,casper-usa-1,"{'Gpus': [{'Name': 'RTX4090', 'Manufacturer': 'NVIDIA', 'Count': 8.0, 'MemoryInfo': {'SizeInMiB': 262144}}], 'TotalGpuMemoryInMiB': 262144}",
massedcompute_L40x2,L40,2.0,50.0,384,1.98,desmoines-usa-1,"{'Gpus': [{'Name': 'L40', 'Manufacturer': 'NVIDIA', 'Count': 2.0, 'MemoryInfo': {'SizeInMiB': 393216}}], 'TotalGpuMemoryInMiB': 393216}",
massedcompute_L40x4,L40,4.0,100.0,768,3.96,desmoines-usa-1,"{'Gpus': [{'Name': 'L40', 'Manufacturer': 'NVIDIA', 'Count': 4.0, 'MemoryInfo': {'SizeInMiB': 786432}}], 'TotalGpuMemoryInMiB': 786432}",
massedcompute_L40,L40,1.0,26.0,192,0.99,desmoines-usa-1,"{'Gpus': [{'Name': 'L40', 'Manufacturer': 'NVIDIA', 'Count': 1.0, 'MemoryInfo': {'SizeInMiB': 196608}}], 'TotalGpuMemoryInMiB': 196608}",
excesssupply_RTX4090,RTX4090,1.0,12.0,70,0.6,oslo-norway-3,"{'Gpus': [{'Name': 'RTX4090', 'Manufacturer': 'NVIDIA', 'Count': 1.0, 'MemoryInfo': {'SizeInMiB': 71680}}], 'TotalGpuMemoryInMiB': 71680}",
excesssupply_RTX4090x2,RTX4090,2.0,24.0,140,1.2,oslo-norway-3,"{'Gpus': [{'Name': 'RTX4090', 'Manufacturer': 'NVIDIA', 'Count': 2.0, 'MemoryInfo': {'SizeInMiB': 143360}}], 'TotalGpuMemoryInMiB': 143360}",
excesssupply_RTX4090x4,RTX4090,4.0,60.0,352,2.4,oslo-norway-3,"{'Gpus': [{'Name': 'RTX4090', 'Manufacturer': 'NVIDIA', 'Count': 4.0, 'MemoryInfo': {'SizeInMiB': 360448}}], 'TotalGpuMemoryInMiB': 360448}",
excesssupply_RTX4090x8,RTX4090,8.0,120.0,706,4.8,oslo-norway-3,"{'Gpus': [{'Name': 'RTX4090', 'Manufacturer': 'NVIDIA', 'Count': 8.0, 'MemoryInfo': {'SizeInMiB': 722944}}], 'TotalGpuMemoryInMiB': 722944}",
hyperstack_H100_sxm5x8,H100,8.0,192.0,960,19.2,houston-usa-3,"{'Gpus': [{'Name': 'H100', 'Manufacturer': 'NVIDIA', 'Count': 8.0, 'MemoryInfo': {'SizeInMiB': 983040}}], 'TotalGpuMemoryInMiB': 983040}",
voltagepark_H100_sxm5,H100,1.0,26.0,116,1.99,dallas-usa-5,"{'Gpus': [{'Name': 'H100', 'Manufacturer': 'NVIDIA', 'Count': 1.0, 'MemoryInfo': {'SizeInMiB': 118784}}], 'TotalGpuMemoryInMiB': 118784}",
voltagepark_H100_sxm5x2,H100,2.0,52.0,232,3.98,dallas-usa-5,"{'Gpus': [{'Name': 'H100', 'Manufacturer': 'NVIDIA', 'Count': 2.0, 'MemoryInfo': {'SizeInMiB': 237568}}], 'TotalGpuMemoryInMiB': 237568}",
latitude_H100x8_NVLINk,H100,8.0,128.0,1536,14.34,dallas-usa-1,"{'Gpus': [{'Name': 'H100', 'Manufacturer': 'NVIDIA', 'Count': 8.0, 'MemoryInfo': {'SizeInMiB': 1572864}}], 'TotalGpuMemoryInMiB': 1572864}",
denvr_A100_sxm4x8,A100,8.0,120.0,940,10.0,calgary-canada-1,"{'Gpus': [{'Name': 'A100', 'Manufacturer': 'NVIDIA', 'Count': 8.0, 'MemoryInfo': {'SizeInMiB': 962560}}], 'TotalGpuMemoryInMiB': 962560}",
digitalocean_H100_sxm5,H100,1.0,20.0,240,3.39,newyork-usa-2,"{'Gpus': [{'Name': 'H100', 'Manufacturer': 'NVIDIA', 'Count': 1.0, 'MemoryInfo': {'SizeInMiB': 245760}}], 'TotalGpuMemoryInMiB': 245760}",
digitalocean_H100_sxm5,H100,1.0,20.0,240,3.39,toronto-canada-1,"{'Gpus': [{'Name': 'H100', 'Manufacturer': 'NVIDIA', 'Count': 1.0, 'MemoryInfo': {'SizeInMiB': 245760}}], 'TotalGpuMemoryInMiB': 245760}",
crusoe_A100_80G,A100_80G,1.0,12.0,120,1.65,culpeper-usa-1,"{'Gpus': [{'Name': 'A100_80G', 'Manufacturer': 'NVIDIA', 'Count': 1.0, 'MemoryInfo': {'SizeInMiB': 122880}}], 'TotalGpuMemoryInMiB': 122880}",
crusoe_A100_80Gx2,A100_80G,2.0,24.0,240,3.3,culpeper-usa-1,"{'Gpus': [{'Name': 'A100_80G', 'Manufacturer': 'NVIDIA', 'Count': 2.0, 'MemoryInfo': {'SizeInMiB': 245760}}], 'TotalGpuMemoryInMiB': 245760}",
lambdalabs_A100_sxm4,A100,1.0,30.0,200,1.29,dulles-usa-1,"{'Gpus': [{'Name': 'A100', 'Manufacturer': 'NVIDIA', 'Count': 1.0, 'MemoryInfo': {'SizeInMiB': 204800}}], 'TotalGpuMemoryInMiB': 204800}",
lambdalabs_A100_sxm4,A100,1.0,30.0,200,1.29,mumbai-india-1,"{'Gpus': [{'Name': 'A100', 'Manufacturer': 'NVIDIA', 'Count': 1.0, 'MemoryInfo': {'SizeInMiB': 204800}}], 'TotalGpuMemoryInMiB': 204800}",
paperspace_H100x8,H100,8.0,128.0,1760,47.76,newyork-usa-1,"{'Gpus': [{'Name': 'H100', 'Manufacturer': 'NVIDIA', 'Count': 8.0, 'MemoryInfo': {'SizeInMiB': 1802240}}], 'TotalGpuMemoryInMiB': 1802240}",
nebius_H200_sxm5,H200,1.0,16.0,200,3.65,paris-france-2,"{'Gpus': [{'Name': 'H200', 'Manufacturer': 'NVIDIA', 'Count': 1.0, 'MemoryInfo': {'SizeInMiB': 204800}}], 'TotalGpuMemoryInMiB': 204800}",
nebius_H200_sxm5,H200,1.0,16.0,200,3.65,kansascity-usa-3,"{'Gpus': [{'Name': 'H200', 'Manufacturer': 'NVIDIA', 'Count': 1.0, 'MemoryInfo': {'SizeInMiB': 204800}}], 'TotalGpuMemoryInMiB': 204800}",
massedcompute_H100x2,H100,2.0,40.0,256,5.96,desmoines-usa-1,"{'Gpus': [{'Name': 'H100', 'Manufacturer': 'NVIDIA', 'Count': 2.0, 'MemoryInfo': {'SizeInMiB': 262144}}], 'TotalGpuMemoryInMiB': 262144}",
massedcompute_A6000x2,A6000,2.0,14.0,96,1.14,kansascity-usa-1,"{'Gpus': [{'Name': 'A6000', 'Manufacturer': 'NVIDIA', 'Count': 2.0, 'MemoryInfo': {'SizeInMiB': 98304}}], 'TotalGpuMemoryInMiB': 98304}",
paperspace_A5000x4,A5000,4.0,32.0,180,5.68,newyork-usa-1,"{'Gpus': [{'Name': 'A5000', 'Manufacturer': 'NVIDIA', 'Count': 4.0, 'MemoryInfo': {'SizeInMiB': 184320}}], 'TotalGpuMemoryInMiB': 184320}",
hyperstack_A6000x4,A6000,4.0,124.0,232,2.0,montreal-canada-2,"{'Gpus': [{'Name': 'A6000', 'Manufacturer': 'NVIDIA', 'Count': 4.0, 'MemoryInfo': {'SizeInMiB': 237568}}], 'TotalGpuMemoryInMiB': 237568}",
hyperstack_A6000x8,A6000,8.0,252.0,464,4.0,montreal-canada-2,"{'Gpus': [{'Name': 'A6000', 'Manufacturer': 'NVIDIA', 'Count': 8.0, 'MemoryInfo': {'SizeInMiB': 475136}}], 'TotalGpuMemoryInMiB': 475136}",
hyperstack_A6000,A6000,1.0,28.0,58,0.5,montreal-canada-2,"{'Gpus': [{'Name': 'A6000', 'Manufacturer': 'NVIDIA', 'Count': 1.0, 'MemoryInfo': {'SizeInMiB': 59392}}], 'TotalGpuMemoryInMiB': 59392}",
hyperstack_A6000x2,A6000,2.0,60.0,116,1.0,montreal-canada-2,"{'Gpus': [{'Name': 'A6000', 'Manufacturer': 'NVIDIA', 'Count': 2.0, 'MemoryInfo': {'SizeInMiB': 118784}}], 'TotalGpuMemoryInMiB': 118784}",
scaleway_H100,H100,1.0,24.0,240,3.08,paris-france-1,"{'Gpus': [{'Name': 'H100', 'Manufacturer': 'NVIDIA', 'Count': 1.0, 'MemoryInfo': {'SizeInMiB': 245760}}], 'TotalGpuMemoryInMiB': 245760}",
scaleway_H100,H100,1.0,24.0,240,3.08,warsaw-poland-1,"{'Gpus': [{'Name': 'H100', 'Manufacturer': 'NVIDIA', 'Count': 1.0, 'MemoryInfo': {'SizeInMiB': 245760}}], 'TotalGpuMemoryInMiB': 245760}",
massedcompute_H100,H100,1.0,20.0,128,2.98,desmoines-usa-1,"{'Gpus': [{'Name': 'H100', 'Manufacturer': 'NVIDIA', 'Count': 1.0, 'MemoryInfo': {'SizeInMiB': 131072}}], 'TotalGpuMemoryInMiB': 131072}",
scaleway_H100x2,H100,2.0,48.0,480,6.08,paris-france-1,"{'Gpus': [{'Name': 'H100', 'Manufacturer': 'NVIDIA', 'Count': 2.0, 'MemoryInfo': {'SizeInMiB': 491520}}], 'TotalGpuMemoryInMiB': 491520}",
scaleway_H100x2,H100,2.0,48.0,480,6.08,warsaw-poland-1,"{'Gpus': [{'Name': 'H100', 'Manufacturer': 'NVIDIA', 'Count': 2.0, 'MemoryInfo': {'SizeInMiB': 491520}}], 'TotalGpuMemoryInMiB': 491520}",
crusoe_A100_80Gx4,A100_80G,4.0,48.0,480,6.6,culpeper-usa-1,"{'Gpus': [{'Name': 'A100_80G', 'Manufacturer': 'NVIDIA', 'Count': 4.0, 'MemoryInfo': {'SizeInMiB': 491520}}], 'TotalGpuMemoryInMiB': 491520}",
crusoe_A100_80Gx8,A100_80G,8.0,96.0,960,13.2,culpeper-usa-1,"{'Gpus': [{'Name': 'A100_80G', 'Manufacturer': 'NVIDIA', 'Count': 8.0, 'MemoryInfo': {'SizeInMiB': 983040}}], 'TotalGpuMemoryInMiB': 983040}",
hyperstack_H100x8,H100,8.0,252.0,1440,15.2,montreal-canada-2,"{'Gpus': [{'Name': 'H100', 'Manufacturer': 'NVIDIA', 'Count': 8.0, 'MemoryInfo': {'SizeInMiB': 1474560}}], 'TotalGpuMemoryInMiB': 1474560}",
hyperstack_A100_80Gx2,A100_80G,2.0,60.0,240,2.7,montreal-canada-2,"{'Gpus': [{'Name': 'A100_80G', 'Manufacturer': 'NVIDIA', 'Count': 2.0, 'MemoryInfo': {'SizeInMiB': 245760}}], 'TotalGpuMemoryInMiB': 245760}",
hyperstack_H100x4,H100,4.0,124.0,720,7.6,montreal-canada-2,"{'Gpus': [{'Name': 'H100', 'Manufacturer': 'NVIDIA', 'Count': 4.0, 'MemoryInfo': {'SizeInMiB': 737280}}], 'TotalGpuMemoryInMiB': 737280}",
hyperstack_A100_80Gx4,A100_80G,4.0,124.0,480,5.4,montreal-canada-2,"{'Gpus': [{'Name': 'A100_80G', 'Manufacturer': 'NVIDIA', 'Count': 4.0, 'MemoryInfo': {'SizeInMiB': 491520}}], 'TotalGpuMemoryInMiB': 491520}",
hyperstack_A100_80Gx8,A100_80G,8.0,252.0,1440,10.8,montreal-canada-2,"{'Gpus': [{'Name': 'A100_80G', 'Manufacturer': 'NVIDIA', 'Count': 8.0, 'MemoryInfo': {'SizeInMiB': 1474560}}], 'TotalGpuMemoryInMiB': 1474560}",
scaleway_L40S,L40S,1.0,8.0,96,1.61,paris-france-1,"{'Gpus': [{'Name': 'L40S', 'Manufacturer': 'NVIDIA', 'Count': 1.0, 'MemoryInfo': {'SizeInMiB': 98304}}], 'TotalGpuMemoryInMiB': 98304}",
scaleway_L40S,L40S,1.0,8.0,96,1.61,warsaw-poland-1,"{'Gpus': [{'Name': 'L40S', 'Manufacturer': 'NVIDIA', 'Count': 1.0, 'MemoryInfo': {'SizeInMiB': 98304}}], 'TotalGpuMemoryInMiB': 98304}",
lambdalabs_H100_sxm5,H100,1.0,26.0,225,3.29,dallas-usa-3,"{'Gpus': [{'Name': 'H100', 'Manufacturer': 'NVIDIA', 'Count': 1.0, 'MemoryInfo': {'SizeInMiB': 230400}}], 'TotalGpuMemoryInMiB': 230400}",
lambdalabs_H100_sxm5,H100,1.0,26.0,225,3.29,austin-usa-1,"{'Gpus': [{'Name': 'H100', 'Manufacturer': 'NVIDIA', 'Count': 1.0, 'MemoryInfo': {'SizeInMiB': 230400}}], 'TotalGpuMemoryInMiB': 230400}",
datacrunch_H200,H200,1.0,44.0,185,3.37,helsinki-finland-2,"{'Gpus': [{'Name': 'H200', 'Manufacturer': 'NVIDIA', 'Count': 1.0, 'MemoryInfo': {'SizeInMiB': 189440}}], 'TotalGpuMemoryInMiB': 189440}",
datacrunch_H200,H200,1.0,44.0,185,3.37,reykjanesbaer-iceland-1,"{'Gpus': [{'Name': 'H200', 'Manufacturer': 'NVIDIA', 'Count': 1.0, 'MemoryInfo': {'SizeInMiB': 189440}}], 'TotalGpuMemoryInMiB': 189440}",
lambdalabs_H100_sxm5x2,H100,2.0,52.0,450,6.38,dallas-usa-3,"{'Gpus': [{'Name': 'H100', 'Manufacturer': 'NVIDIA', 'Count': 2.0, 'MemoryInfo': {'SizeInMiB': 460800}}], 'TotalGpuMemoryInMiB': 460800}",
lambdalabs_H100_sxm5x2,H100,2.0,52.0,450,6.38,austin-usa-1,"{'Gpus': [{'Name': 'H100', 'Manufacturer': 'NVIDIA', 'Count': 2.0, 'MemoryInfo': {'SizeInMiB': 460800}}], 'TotalGpuMemoryInMiB': 460800}",
nebius_H100_sxm5x8_NVLINK,H100,8.0,128.0,1600,23.99,helsinki-finland-3,"{'Gpus': [{'Name': 'H100', 'Manufacturer': 'NVIDIA', 'Count': 8.0, 'MemoryInfo': {'SizeInMiB': 1638400}}], 'TotalGpuMemoryInMiB': 1638400}",
nebius_H100_sxm5,H100,1.0,16.0,200,3.06,helsinki-finland-3,"{'Gpus': [{'Name': 'H100', 'Manufacturer': 'NVIDIA', 'Count': 1.0, 'MemoryInfo': {'SizeInMiB': 204800}}], 'TotalGpuMemoryInMiB': 204800}",
nebius_H200_sxm5x8_NVLINK,H200,8.0,128.0,1600,28.44,helsinki-finland-3,"{'Gpus': [{'Name': 'H200', 'Manufacturer': 'NVIDIA', 'Count': 8.0, 'MemoryInfo': {'SizeInMiB': 1638400}}], 'TotalGpuMemoryInMiB': 1638400}",
nebius_H200_sxm5x8_NVLINK,H200,8.0,128.0,1600,28.44,paris-france-2,"{'Gpus': [{'Name': 'H200', 'Manufacturer': 'NVIDIA', 'Count': 8.0, 'MemoryInfo': {'SizeInMiB': 1638400}}], 'TotalGpuMemoryInMiB': 1638400}",
nebius_H200_sxm5x8_NVLINK,H200,8.0,128.0,1600,28.44,kansascity-usa-3,"{'Gpus': [{'Name': 'H200', 'Manufacturer': 'NVIDIA', 'Count': 8.0, 'MemoryInfo': {'SizeInMiB': 1638400}}], 'TotalGpuMemoryInMiB': 1638400}",
paperspace_A4000x2,A4000,2.0,16.0,90,1.6,newyork-usa-1,"{'Gpus': [{'Name': 'A4000', 'Manufacturer': 'NVIDIA', 'Count': 2.0, 'MemoryInfo': {'SizeInMiB': 92160}}], 'TotalGpuMemoryInMiB': 92160}",
paperspace_A6000,A6000,1.0,8.0,45,1.93,newyork-usa-1,"{'Gpus': [{'Name': 'A6000', 'Manufacturer': 'NVIDIA', 'Count': 1.0, 'MemoryInfo': {'SizeInMiB': 46080}}], 'TotalGpuMemoryInMiB': 46080}",
paperspace_V100_32G,V100_32G,1.0,8.0,30,2.34,newyork-usa-1,"{'Gpus': [{'Name': 'V100_32G', 'Manufacturer': 'NVIDIA', 'Count': 1.0, 'MemoryInfo': {'SizeInMiB': 30720}}], 'TotalGpuMemoryInMiB': 30720}",
crusoe_L40Sx10,L40S,10.0,80.0,1470,14.5,culpeper-usa-1,"{'Gpus': [{'Name': 'L40S', 'Manufacturer': 'NVIDIA', 'Count': 10.0, 'MemoryInfo': {'SizeInMiB': 1505280}}], 'TotalGpuMemoryInMiB': 1505280}",
crusoe_L40Sx10,L40S,10.0,80.0,1470,14.5,houston-usa-2,"{'Gpus': [{'Name': 'L40S', 'Manufacturer': 'NVIDIA', 'Count': 10.0, 'MemoryInfo': {'SizeInMiB': 1505280}}], 'TotalGpuMemoryInMiB': 1505280}",
crusoe_L40S,L40S,1.0,8.0,147,1.45,culpeper-usa-1,"{'Gpus': [{'Name': 'L40S', 'Manufacturer': 'NVIDIA', 'Count': 1.0, 'MemoryInfo': {'SizeInMiB': 150528}}], 'TotalGpuMemoryInMiB': 150528}",
crusoe_L40S,L40S,1.0,8.0,147,1.45,houston-usa-2,"{'Gpus': [{'Name': 'L40S', 'Manufacturer': 'NVIDIA', 'Count': 1.0, 'MemoryInfo': {'SizeInMiB': 150528}}], 'TotalGpuMemoryInMiB': 150528}",
datacrunch_RTX6000Adax8,RTX6000Ada,8.0,80.0,480,8.48,helsinki-finland-1,"{'Gpus': [{'Name': 'RTX6000Ada', 'Manufacturer': 'NVIDIA', 'Count': 8.0, 'MemoryInfo': {'SizeInMiB': 491520}}], 'TotalGpuMemoryInMiB': 491520}",
datacrunch_A6000x8,A6000,8.0,80.0,480,8.64,helsinki-finland-1,"{'Gpus': [{'Name': 'A6000', 'Manufacturer': 'NVIDIA', 'Count': 8.0, 'MemoryInfo': {'SizeInMiB': 491520}}], 'TotalGpuMemoryInMiB': 491520}",
datacrunch_V100x4,V100,4.0,20.0,90,1.56,helsinki-finland-1,"{'Gpus': [{'Name': 'V100', 'Manufacturer': 'NVIDIA', 'Count': 4.0, 'MemoryInfo': {'SizeInMiB': 92160}}], 'TotalGpuMemoryInMiB': 92160}",
massedcompute_A6000x4,A6000,4.0,30.0,192,2.28,kansascity-usa-1,"{'Gpus': [{'Name': 'A6000', 'Manufacturer': 'NVIDIA', 'Count': 4.0, 'MemoryInfo': {'SizeInMiB': 196608}}], 'TotalGpuMemoryInMiB': 196608}",
vultr_A40,A40,1.0,24.0,120,1.86,losangeles-usa-1,"{'Gpus': [{'Name': 'A40', 'Manufacturer': 'NVIDIA', 'Count': 1.0, 'MemoryInfo': {'SizeInMiB': 122880}}], 'TotalGpuMemoryInMiB': 122880}",
vultr_A16x4,A16,4.0,24.0,256,2.05,tokyo-japan-2,"{'Gpus': [{'Name': 'A16', 'Manufacturer': 'NVIDIA', 'Count': 4.0, 'MemoryInfo': {'SizeInMiB': 262144}}], 'TotalGpuMemoryInMiB': 262144}",
vultr_A16x4,A16,4.0,24.0,256,2.05,singapore-singapore-1,"{'Gpus': [{'Name': 'A16', 'Manufacturer': 'NVIDIA', 'Count': 4.0, 'MemoryInfo': {'SizeInMiB': 262144}}], 'TotalGpuMemoryInMiB': 262144}",
vultr_A16x4,A16,4.0,24.0,256,2.05,london-uk-1,"{'Gpus': [{'Name': 'A16', 'Manufacturer': 'NVIDIA', 'Count': 4.0, 'MemoryInfo': {'SizeInMiB': 262144}}], 'TotalGpuMemoryInMiB': 262144}",
vultr_A16x4,A16,4.0,24.0,256,2.05,bangalore-india-1,"{'Gpus': [{'Name': 'A16', 'Manufacturer': 'NVIDIA', 'Count': 4.0, 'MemoryInfo': {'SizeInMiB': 262144}}], 'TotalGpuMemoryInMiB': 262144}",
vultr_A16x4,A16,4.0,24.0,256,2.05,sanjose-usa-1,"{'Gpus': [{'Name': 'A16', 'Manufacturer': 'NVIDIA', 'Count': 4.0, 'MemoryInfo': {'SizeInMiB': 262144}}], 'TotalGpuMemoryInMiB': 262144}",
vultr_A16x4,A16,4.0,24.0,256,2.05,chicago-usa-1,"{'Gpus': [{'Name': 'A16', 'Manufacturer': 'NVIDIA', 'Count': 4.0, 'MemoryInfo': {'SizeInMiB': 262144}}], 'TotalGpuMemoryInMiB': 262144}",
vultr_A16x4,A16,4.0,24.0,256,2.05,newark-usa-1,"{'Gpus': [{'Name': 'A16', 'Manufacturer': 'NVIDIA', 'Count': 4.0, 'MemoryInfo': {'SizeInMiB': 262144}}], 'TotalGpuMemoryInMiB': 262144}",
vultr_A16x4,A16,4.0,24.0,256,2.05,frankfurt-germany-6,"{'Gpus': [{'Name': 'A16', 'Manufacturer': 'NVIDIA', 'Count': 4.0, 'MemoryInfo': {'SizeInMiB': 262144}}], 'TotalGpuMemoryInMiB': 262144}",
crusoe_L40Sx2,L40S,2.0,16.0,294,2.9,culpeper-usa-1,"{'Gpus': [{'Name': 'L40S', 'Manufacturer': 'NVIDIA', 'Count': 2.0, 'MemoryInfo': {'SizeInMiB': 301056}}], 'TotalGpuMemoryInMiB': 301056}",
crusoe_L40Sx2,L40S,2.0,16.0,294,2.9,houston-usa-2,"{'Gpus': [{'Name': 'L40S', 'Manufacturer': 'NVIDIA', 'Count': 2.0, 'MemoryInfo': {'SizeInMiB': 301056}}], 'TotalGpuMemoryInMiB': 301056}",
scaleway_L40Sx2,L40S,2.0,16.0,192,3.15,paris-france-1,"{'Gpus': [{'Name': 'L40S', 'Manufacturer': 'NVIDIA', 'Count': 2.0, 'MemoryInfo': {'SizeInMiB': 196608}}], 'TotalGpuMemoryInMiB': 196608}",
scaleway_L40Sx2,L40S,2.0,16.0,192,3.15,warsaw-poland-1,"{'Gpus': [{'Name': 'L40S', 'Manufacturer': 'NVIDIA', 'Count': 2.0, 'MemoryInfo': {'SizeInMiB': 196608}}], 'TotalGpuMemoryInMiB': 196608}",
massedcompute_A6000,A6000,1.0,6.0,48,0.57,kansascity-usa-5,"{'Gpus': [{'Name': 'A6000', 'Manufacturer': 'NVIDIA', 'Count': 1.0, 'MemoryInfo': {'SizeInMiB': 49152}}], 'TotalGpuMemoryInMiB': 49152}",
massedcompute_A6000,A6000,1.0,6.0,48,0.57,kansascity-usa-1,"{'Gpus': [{'Name': 'A6000', 'Manufacturer': 'NVIDIA', 'Count': 1.0, 'MemoryInfo': {'SizeInMiB': 49152}}], 'TotalGpuMemoryInMiB': 49152}",
scaleway_L40Sx4,L40S,4.0,32.0,384,6.23,paris-france-1,"{'Gpus': [{'Name': 'L40S', 'Manufacturer': 'NVIDIA', 'Count': 4.0, 'MemoryInfo': {'SizeInMiB': 393216}}], 'TotalGpuMemoryInMiB': 393216}",
scaleway_L40Sx4,L40S,4.0,32.0,384,6.23,warsaw-poland-1,"{'Gpus': [{'Name': 'L40S', 'Manufacturer': 'NVIDIA', 'Count': 4.0, 'MemoryInfo': {'SizeInMiB': 393216}}], 'TotalGpuMemoryInMiB': 393216}",
scaleway_L40Sx8,L40S,8.0,64.0,768,12.39,warsaw-poland-1,"{'Gpus': [{'Name': 'L40S', 'Manufacturer': 'NVIDIA', 'Count': 8.0, 'MemoryInfo': {'SizeInMiB': 786432}}], 'TotalGpuMemoryInMiB': 786432}",
scaleway_L40Sx8,L40S,8.0,64.0,768,12.39,paris-france-1,"{'Gpus': [{'Name': 'L40S', 'Manufacturer': 'NVIDIA', 'Count': 8.0, 'MemoryInfo': {'SizeInMiB': 786432}}], 'TotalGpuMemoryInMiB': 786432}",
vultr_A16x16,A16,16.0,96.0,960,9.19,bangalore-india-1,"{'Gpus': [{'Name': 'A16', 'Manufacturer': 'NVIDIA', 'Count': 16.0, 'MemoryInfo': {'SizeInMiB': 983040}}], 'TotalGpuMemoryInMiB': 983040}",
vultr_A16x16,A16,16.0,96.0,960,9.19,singapore-singapore-1,"{'Gpus': [{'Name': 'A16', 'Manufacturer': 'NVIDIA', 'Count': 16.0, 'MemoryInfo': {'SizeInMiB': 983040}}], 'TotalGpuMemoryInMiB': 983040}",
vultr_A16x16,A16,16.0,96.0,960,9.19,tokyo-japan-2,"{'Gpus': [{'Name': 'A16', 'Manufacturer': 'NVIDIA', 'Count': 16.0, 'MemoryInfo': {'SizeInMiB': 983040}}], 'TotalGpuMemoryInMiB': 983040}",
vultr_A16x16,A16,16.0,96.0,960,9.19,frankfurt-germany-6,"{'Gpus': [{'Name': 'A16', 'Manufacturer': 'NVIDIA', 'Count': 16.0, 'MemoryInfo': {'SizeInMiB': 983040}}], 'TotalGpuMemoryInMiB': 983040}",
massedcompute_A6000_plus,A6000,1.0,12.0,64,0.57,desmoines-usa-1,"{'Gpus': [{'Name': 'A6000', 'Manufacturer': 'NVIDIA', 'Count': 1.0, 'MemoryInfo': {'SizeInMiB': 65536}}], 'TotalGpuMemoryInMiB': 65536}",
massedcompute_A6000_plus,A6000,1.0,12.0,64,0.57,kansascity-usa-1,"{'Gpus': [{'Name': 'A6000', 'Manufacturer': 'NVIDIA', 'Count': 1.0, 'MemoryInfo': {'SizeInMiB': 65536}}], 'TotalGpuMemoryInMiB': 65536}",
massedcompute_A6000_plusx2,A6000,2.0,30.0,128,1.14,kansascity-usa-1,"{'Gpus': [{'Name': 'A6000', 'Manufacturer': 'NVIDIA', 'Count': 2.0, 'MemoryInfo': {'SizeInMiB': 131072}}], 'TotalGpuMemoryInMiB': 131072}",
paperspace_A100,A100,1.0,8.0,90,3.19,newyork-usa-1,"{'Gpus': [{'Name': 'A100', 'Manufacturer': 'NVIDIA', 'Count': 1.0, 'MemoryInfo': {'SizeInMiB': 92160}}], 'TotalGpuMemoryInMiB': 92160}",
paperspace_V100_32Gx4,V100_32G,4.0,32.0,120,9.36,newyork-usa-1,"{'Gpus': [{'Name': 'V100_32G', 'Manufacturer': 'NVIDIA', 'Count': 4.0, 'MemoryInfo': {'SizeInMiB': 122880}}], 'TotalGpuMemoryInMiB': 122880}",
datacrunch_V100x2,V100,2.0,10.0,45,0.78,helsinki-finland-1,"{'Gpus': [{'Name': 'V100', 'Manufacturer': 'NVIDIA', 'Count': 2.0, 'MemoryInfo': {'SizeInMiB': 46080}}], 'TotalGpuMemoryInMiB': 46080}",
paperspace_V100_32Gx2,V100_32G,2.0,16.0,60,4.68,newyork-usa-1,"{'Gpus': [{'Name': 'V100_32G', 'Manufacturer': 'NVIDIA', 'Count': 2.0, 'MemoryInfo': {'SizeInMiB': 61440}}], 'TotalGpuMemoryInMiB': 61440}",
massedcompute_A6000_plusx4,A6000,4.0,54.0,256,2.28,kansascity-usa-1,"{'Gpus': [{'Name': 'A6000', 'Manufacturer': 'NVIDIA', 'Count': 4.0, 'MemoryInfo': {'SizeInMiB': 262144}}], 'TotalGpuMemoryInMiB': 262144}",
vultr_A100_80G,A100_80G,1.0,12.0,120,2.6,sanjose-usa-1,"{'Gpus': [{'Name': 'A100_80G', 'Manufacturer': 'NVIDIA', 'Count': 1.0, 'MemoryInfo': {'SizeInMiB': 122880}}], 'TotalGpuMemoryInMiB': 122880}",
vultr_A16x2,A16,2.0,12.0,128,1.02,tokyo-japan-2,"{'Gpus': [{'Name': 'A16', 'Manufacturer': 'NVIDIA', 'Count': 2.0, 'MemoryInfo': {'SizeInMiB': 131072}}], 'TotalGpuMemoryInMiB': 131072}",
vultr_A16x2,A16,2.0,12.0,128,1.02,sanjose-usa-1,"{'Gpus': [{'Name': 'A16', 'Manufacturer': 'NVIDIA', 'Count': 2.0, 'MemoryInfo': {'SizeInMiB': 131072}}], 'TotalGpuMemoryInMiB': 131072}",
vultr_A16x2,A16,2.0,12.0,128,1.02,bangalore-india-1,"{'Gpus': [{'Name': 'A16', 'Manufacturer': 'NVIDIA', 'Count': 2.0, 'MemoryInfo': {'SizeInMiB': 131072}}], 'TotalGpuMemoryInMiB': 131072}",
vultr_A16x2,A16,2.0,12.0,128,1.02,singapore-singapore-1,"{'Gpus': [{'Name': 'A16', 'Manufacturer': 'NVIDIA', 'Count': 2.0, 'MemoryInfo': {'SizeInMiB': 131072}}], 'TotalGpuMemoryInMiB': 131072}",
vultr_A16x2,A16,2.0,12.0,128,1.02,chicago-usa-1,"{'Gpus': [{'Name': 'A16', 'Manufacturer': 'NVIDIA', 'Count': 2.0, 'MemoryInfo': {'SizeInMiB': 131072}}], 'TotalGpuMemoryInMiB': 131072}",
vultr_A16x2,A16,2.0,12.0,128,1.02,london-uk-1,"{'Gpus': [{'Name': 'A16', 'Manufacturer': 'NVIDIA', 'Count': 2.0, 'MemoryInfo': {'SizeInMiB': 131072}}], 'TotalGpuMemoryInMiB': 131072}",
vultr_A16x2,A16,2.0,12.0,128,1.02,newark-usa-1,"{'Gpus': [{'Name': 'A16', 'Manufacturer': 'NVIDIA', 'Count': 2.0, 'MemoryInfo': {'SizeInMiB': 131072}}], 'TotalGpuMemoryInMiB': 131072}",
vultr_A16x2,A16,2.0,12.0,128,1.02,frankfurt-germany-6,"{'Gpus': [{'Name': 'A16', 'Manufacturer': 'NVIDIA', 'Count': 2.0, 'MemoryInfo': {'SizeInMiB': 131072}}], 'TotalGpuMemoryInMiB': 131072}",
datacrunch_V100x8,V100,8.0,48.0,180,3.12,helsinki-finland-1,"{'Gpus': [{'Name': 'V100', 'Manufacturer': 'NVIDIA', 'Count': 8.0, 'MemoryInfo': {'SizeInMiB': 184320}}], 'TotalGpuMemoryInMiB': 184320}",
lambdalabs_A6000,A6000,1.0,14.0,100,0.8,dallas-usa-2,"{'Gpus': [{'Name': 'A6000', 'Manufacturer': 'NVIDIA', 'Count': 1.0, 'MemoryInfo': {'SizeInMiB': 102400}}], 'TotalGpuMemoryInMiB': 102400}",
vultr_A16x8,A16,8.0,48.0,496,4.09,sanjose-usa-1,"{'Gpus': [{'Name': 'A16', 'Manufacturer': 'NVIDIA', 'Count': 8.0, 'MemoryInfo': {'SizeInMiB': 507904}}], 'TotalGpuMemoryInMiB': 507904}",
vultr_A16x8,A16,8.0,48.0,496,4.09,singapore-singapore-1,"{'Gpus': [{'Name': 'A16', 'Manufacturer': 'NVIDIA', 'Count': 8.0, 'MemoryInfo': {'SizeInMiB': 507904}}], 'TotalGpuMemoryInMiB': 507904}",
vultr_A16x8,A16,8.0,48.0,496,4.09,bangalore-india-1,"{'Gpus': [{'Name': 'A16', 'Manufacturer': 'NVIDIA', 'Count': 8.0, 'MemoryInfo': {'SizeInMiB': 507904}}], 'TotalGpuMemoryInMiB': 507904}",
vultr_A16x8,A16,8.0,48.0,496,4.09,london-uk-1,"{'Gpus': [{'Name': 'A16', 'Manufacturer': 'NVIDIA', 'Count': 8.0, 'MemoryInfo': {'SizeInMiB': 507904}}], 'TotalGpuMemoryInMiB': 507904}",
vultr_A16x8,A16,8.0,48.0,496,4.09,chicago-usa-1,"{'Gpus': [{'Name': 'A16', 'Manufacturer': 'NVIDIA', 'Count': 8.0, 'MemoryInfo': {'SizeInMiB': 507904}}], 'TotalGpuMemoryInMiB': 507904}",
vultr_A16x8,A16,8.0,48.0,496,4.09,newark-usa-1,"{'Gpus': [{'Name': 'A16', 'Manufacturer': 'NVIDIA', 'Count': 8.0, 'MemoryInfo': {'SizeInMiB': 507904}}], 'TotalGpuMemoryInMiB': 507904}",
vultr_A16x8,A16,8.0,48.0,496,4.09,tokyo-japan-2,"{'Gpus': [{'Name': 'A16', 'Manufacturer': 'NVIDIA', 'Count': 8.0, 'MemoryInfo': {'SizeInMiB': 507904}}], 'TotalGpuMemoryInMiB': 507904}",
vultr_A16x8,A16,8.0,48.0,496,4.09,frankfurt-germany-6,"{'Gpus': [{'Name': 'A16', 'Manufacturer': 'NVIDIA', 'Count': 8.0, 'MemoryInfo': {'SizeInMiB': 507904}}], 'TotalGpuMemoryInMiB': 507904}",
datacrunch_V100,V100,1.0,6.0,23,0.39,helsinki-finland-1,"{'Gpus': [{'Name': 'V100', 'Manufacturer': 'NVIDIA', 'Count': 1.0, 'MemoryInfo': {'SizeInMiB': 23552}}], 'TotalGpuMemoryInMiB': 23552}",
datacrunch_A6000,A6000,1.0,10.0,60,1.08,helsinki-finland-2,"{'Gpus': [{'Name': 'A6000', 'Manufacturer': 'NVIDIA', 'Count': 1.0, 'MemoryInfo': {'SizeInMiB': 61440}}], 'TotalGpuMemoryInMiB': 61440}",
datacrunch_A6000,A6000,1.0,10.0,60,1.08,helsinki-finland-1,"{'Gpus': [{'Name': 'A6000', 'Manufacturer': 'NVIDIA', 'Count': 1.0, 'MemoryInfo': {'SizeInMiB': 61440}}], 'TotalGpuMemoryInMiB': 61440}",
lambdalabs_A100x8,A100,8.0,124.0,1800,10.32,osaka-japan-1,"{'Gpus': [{'Name': 'A100', 'Manufacturer': 'NVIDIA', 'Count': 8.0, 'MemoryInfo': {'SizeInMiB': 1843200}}], 'TotalGpuMemoryInMiB': 1843200}",
lambdalabs_A100x8,A100,8.0,124.0,1800,10.32,dulles-usa-1,"{'Gpus': [{'Name': 'A100', 'Manufacturer': 'NVIDIA', 'Count': 8.0, 'MemoryInfo': {'SizeInMiB': 1843200}}], 'TotalGpuMemoryInMiB': 1843200}",
lambdalabs_A100x8,A100,8.0,124.0,1800,10.32,tokyo-japan-1,"{'Gpus': [{'Name': 'A100', 'Manufacturer': 'NVIDIA', 'Count': 8.0, 'MemoryInfo': {'SizeInMiB': 1843200}}], 'TotalGpuMemoryInMiB': 1843200}",
lambdalabs_A100x8,A100,8.0,124.0,1800,10.32,phoenix-usa-2,"{'Gpus': [{'Name': 'A100', 'Manufacturer': 'NVIDIA', 'Count': 8.0, 'MemoryInfo': {'SizeInMiB': 1843200}}], 'TotalGpuMemoryInMiB': 1843200}",
lambdalabs_A100x8,A100,8.0,124.0,1800,10.32,frankfurt-germany-7,"{'Gpus': [{'Name': 'A100', 'Manufacturer': 'NVIDIA', 'Count': 8.0, 'MemoryInfo': {'SizeInMiB': 1843200}}], 'TotalGpuMemoryInMiB': 1843200}",
lambdalabs_A10,A10,1.0,30.0,200,0.75,dulles-usa-1,"{'Gpus': [{'Name': 'A10', 'Manufacturer': 'NVIDIA', 'Count': 1.0, 'MemoryInfo': {'SizeInMiB': 204800}}], 'TotalGpuMemoryInMiB': 204800}",
lambdalabs_A10,A10,1.0,30.0,200,0.75,sanjose-usa-2,"{'Gpus': [{'Name': 'A10', 'Manufacturer': 'NVIDIA', 'Count': 1.0, 'MemoryInfo': {'SizeInMiB': 204800}}], 'TotalGpuMemoryInMiB': 204800}",
vultr_A16,A16,1.0,6.0,64,0.51,tokyo-japan-2,"{'Gpus': [{'Name': 'A16', 'Manufacturer': 'NVIDIA', 'Count': 1.0, 'MemoryInfo': {'SizeInMiB': 65536}}], 'TotalGpuMemoryInMiB': 65536}",
vultr_A16,A16,1.0,6.0,64,0.51,bangalore-india-1,"{'Gpus': [{'Name': 'A16', 'Manufacturer': 'NVIDIA', 'Count': 1.0, 'MemoryInfo': {'SizeInMiB': 65536}}], 'TotalGpuMemoryInMiB': 65536}",
vultr_A16,A16,1.0,6.0,64,0.51,chicago-usa-1,"{'Gpus': [{'Name': 'A16', 'Manufacturer': 'NVIDIA', 'Count': 1.0, 'MemoryInfo': {'SizeInMiB': 65536}}], 'TotalGpuMemoryInMiB': 65536}",
vultr_A16,A16,1.0,6.0,64,0.51,sanjose-usa-1,"{'Gpus': [{'Name': 'A16', 'Manufacturer': 'NVIDIA', 'Count': 1.0, 'MemoryInfo': {'SizeInMiB': 65536}}], 'TotalGpuMemoryInMiB': 65536}",
vultr_A16,A16,1.0,6.0,64,0.51,london-uk-1,"{'Gpus': [{'Name': 'A16', 'Manufacturer': 'NVIDIA', 'Count': 1.0, 'MemoryInfo': {'SizeInMiB': 65536}}], 'TotalGpuMemoryInMiB': 65536}",
vultr_A16,A16,1.0,6.0,64,0.51,singapore-singapore-1,"{'Gpus': [{'Name': 'A16', 'Manufacturer': 'NVIDIA', 'Count': 1.0, 'MemoryInfo': {'SizeInMiB': 65536}}], 'TotalGpuMemoryInMiB': 65536}",
vultr_A16,A16,1.0,6.0,64,0.51,frankfurt-germany-6,"{'Gpus': [{'Name': 'A16', 'Manufacturer': 'NVIDIA', 'Count': 1.0, 'MemoryInfo': {'SizeInMiB': 65536}}], 'TotalGpuMemoryInMiB': 65536}",
vultr_A16,A16,1.0,6.0,64,0.51,newark-usa-1,"{'Gpus': [{'Name': 'A16', 'Manufacturer': 'NVIDIA', 'Count': 1.0, 'MemoryInfo': {'SizeInMiB': 65536}}], 'TotalGpuMemoryInMiB': 65536}",
scaleway_L4x2,L4,2.0,16.0,96,1.72,paris-france-5,"{'Gpus': [{'Name': 'L4', 'Manufacturer': 'NVIDIA', 'Count': 2.0, 'MemoryInfo': {'SizeInMiB': 98304}}], 'TotalGpuMemoryInMiB': 98304}",
scaleway_L4x2,L4,2.0,16.0,96,1.72,warsaw-poland-1,"{'Gpus': [{'Name': 'L4', 'Manufacturer': 'NVIDIA', 'Count': 2.0, 'MemoryInfo': {'SizeInMiB': 98304}}], 'TotalGpuMemoryInMiB': 98304}",
scaleway_L4x2,L4,2.0,16.0,96,1.72,paris-france-1,"{'Gpus': [{'Name': 'L4', 'Manufacturer': 'NVIDIA', 'Count': 2.0, 'MemoryInfo': {'SizeInMiB': 98304}}], 'TotalGpuMemoryInMiB': 98304}",
scaleway_L4x4,L4,4.0,32.0,192,3.37,paris-france-5,"{'Gpus': [{'Name': 'L4', 'Manufacturer': 'NVIDIA', 'Count': 4.0, 'MemoryInfo': {'SizeInMiB': 196608}}], 'TotalGpuMemoryInMiB': 196608}",
scaleway_L4x4,L4,4.0,32.0,192,3.37,paris-france-1,"{'Gpus': [{'Name': 'L4', 'Manufacturer': 'NVIDIA', 'Count': 4.0, 'MemoryInfo': {'SizeInMiB': 196608}}], 'TotalGpuMemoryInMiB': 196608}",
scaleway_L4x4,L4,4.0,32.0,192,3.37,warsaw-poland-1,"{'Gpus': [{'Name': 'L4', 'Manufacturer': 'NVIDIA', 'Count': 4.0, 'MemoryInfo': {'SizeInMiB': 196608}}], 'TotalGpuMemoryInMiB': 196608}",
scaleway_L4x8,L4,8.0,64.0,384,6.67,paris-france-5,"{'Gpus': [{'Name': 'L4', 'Manufacturer': 'NVIDIA', 'Count': 8.0, 'MemoryInfo': {'SizeInMiB': 393216}}], 'TotalGpuMemoryInMiB': 393216}",
scaleway_L4x8,L4,8.0,64.0,384,6.67,paris-france-1,"{'Gpus': [{'Name': 'L4', 'Manufacturer': 'NVIDIA', 'Count': 8.0, 'MemoryInfo': {'SizeInMiB': 393216}}], 'TotalGpuMemoryInMiB': 393216}",
scaleway_L4x8,L4,8.0,64.0,384,6.67,warsaw-poland-1,"{'Gpus': [{'Name': 'L4', 'Manufacturer': 'NVIDIA', 'Count': 8.0, 'MemoryInfo': {'SizeInMiB': 393216}}], 'TotalGpuMemoryInMiB': 393216}",
paperspace_A6000x2,A6000,2.0,16.0,90,3.86,newyork-usa-1,"{'Gpus': [{'Name': 'A6000', 'Manufacturer': 'NVIDIA', 'Count': 2.0, 'MemoryInfo': {'SizeInMiB': 92160}}], 'TotalGpuMemoryInMiB': 92160}",
paperspace_A5000,A5000,1.0,8.0,45,1.42,newyork-usa-1,"{'Gpus': [{'Name': 'A5000', 'Manufacturer': 'NVIDIA', 'Count': 1.0, 'MemoryInfo': {'SizeInMiB': 46080}}], 'TotalGpuMemoryInMiB': 46080}",
paperspace_A6000x4,A6000,4.0,32.0,180,7.72,newyork-usa-1,"{'Gpus': [{'Name': 'A6000', 'Manufacturer': 'NVIDIA', 'Count': 4.0, 'MemoryInfo': {'SizeInMiB': 184320}}], 'TotalGpuMemoryInMiB': 184320}",
paperspace_V100,V100,1.0,8.0,30,2.34,newyork-usa-1,"{'Gpus': [{'Name': 'V100', 'Manufacturer': 'NVIDIA', 'Count': 1.0, 'MemoryInfo': {'SizeInMiB': 30720}}], 'TotalGpuMemoryInMiB': 30720}",
paperspace_A5000x2,A5000,2.0,16.0,90,2.84,newyork-usa-1,"{'Gpus': [{'Name': 'A5000', 'Manufacturer': 'NVIDIA', 'Count': 2.0, 'MemoryInfo': {'SizeInMiB': 92160}}], 'TotalGpuMemoryInMiB': 92160}",
lambdalabs_V100x8,V100,8.0,92.0,448,4.4,dallas-usa-2,"{'Gpus': [{'Name': 'V100', 'Manufacturer': 'NVIDIA', 'Count': 8.0, 'MemoryInfo': {'SizeInMiB': 458752}}], 'TotalGpuMemoryInMiB': 458752}",
hyperstack_H100,H100,1.0,28.0,180,1.9,montreal-canada-2,"{'Gpus': [{'Name': 'H100', 'Manufacturer': 'NVIDIA', 'Count': 1.0, 'MemoryInfo': {'SizeInMiB': 184320}}], 'TotalGpuMemoryInMiB': 184320}",
paperspace_A100_sxm4_80G,A100_80G,1.0,8.0,90,3.28,newyork-usa-1,"{'Gpus': [{'Name': 'A100_80G', 'Manufacturer': 'NVIDIA', 'Count': 1.0, 'MemoryInfo': {'SizeInMiB': 92160}}], 'TotalGpuMemoryInMiB': 92160}",
paperspace_A4000x4,A4000,4.0,32.0,180,3.2,newyork-usa-1,"{'Gpus': [{'Name': 'A4000', 'Manufacturer': 'NVIDIA', 'Count': 4.0, 'MemoryInfo': {'SizeInMiB': 184320}}], 'TotalGpuMemoryInMiB': 184320}",
paperspace_A4000,A4000,1.0,8.0,45,0.8,newyork-usa-1,"{'Gpus': [{'Name': 'A4000', 'Manufacturer': 'NVIDIA', 'Count': 1.0, 'MemoryInfo': {'SizeInMiB': 46080}}], 'TotalGpuMemoryInMiB': 46080}",
datacrunch_A100_sxm4_80Gx2,A100_80G,2.0,44.0,240,3.64,helsinki-finland-1,"{'Gpus': [{'Name': 'A100_80G', 'Manufacturer': 'NVIDIA', 'Count': 2.0, 'MemoryInfo': {'SizeInMiB': 245760}}], 'TotalGpuMemoryInMiB': 245760}",
cudo_A6000x8,A6000,8.0,48.0,192,4.68,stockholm-sweden-2,"{'Gpus': [{'Name': 'A6000', 'Manufacturer': 'NVIDIA', 'Count': 8.0, 'MemoryInfo': {'SizeInMiB': 196608}}], 'TotalGpuMemoryInMiB': 196608}",
datacrunch_H100_sxm5,H100,1.0,30.0,120,2.26,helsinki-finland-2,"{'Gpus': [{'Name': 'H100', 'Manufacturer': 'NVIDIA', 'Count': 1.0, 'MemoryInfo': {'SizeInMiB': 122880}}], 'TotalGpuMemoryInMiB': 122880}",
datacrunch_H100_sxm5,H100,1.0,30.0,120,2.26,helsinki-finland-1,"{'Gpus': [{'Name': 'H100', 'Manufacturer': 'NVIDIA', 'Count': 1.0, 'MemoryInfo': {'SizeInMiB': 122880}}], 'TotalGpuMemoryInMiB': 122880}",
datacrunch_A100_sxm4_80Gx4,A100_80G,4.0,88.0,480,7.28,helsinki-finland-1,"{'Gpus': [{'Name': 'A100_80G', 'Manufacturer': 'NVIDIA', 'Count': 4.0, 'MemoryInfo': {'SizeInMiB': 491520}}], 'TotalGpuMemoryInMiB': 491520}",
crusoe_L40Sx8,L40S,8.0,64.0,1176,11.6,culpeper-usa-1,"{'Gpus': [{'Name': 'L40S', 'Manufacturer': 'NVIDIA', 'Count': 8.0, 'MemoryInfo': {'SizeInMiB': 1204224}}], 'TotalGpuMemoryInMiB': 1204224}",
crusoe_L40Sx8,L40S,8.0,64.0,1176,11.6,houston-usa-2,"{'Gpus': [{'Name': 'L40S', 'Manufacturer': 'NVIDIA', 'Count': 8.0, 'MemoryInfo': {'SizeInMiB': 1204224}}], 'TotalGpuMemoryInMiB': 1204224}",
crusoe_L40Sx4,L40S,4.0,32.0,588,5.8,houston-usa-2,"{'Gpus': [{'Name': 'L40S', 'Manufacturer': 'NVIDIA', 'Count': 4.0, 'MemoryInfo': {'SizeInMiB': 602112}}], 'TotalGpuMemoryInMiB': 602112}",
crusoe_L40Sx4,L40S,4.0,32.0,588,5.8,culpeper-usa-1,"{'Gpus': [{'Name': 'L40S', 'Manufacturer': 'NVIDIA', 'Count': 4.0, 'MemoryInfo': {'SizeInMiB': 602112}}], 'TotalGpuMemoryInMiB': 602112}",
hyperstack_A4000,A4000,1.0,4.0,21,0.15,oslo-norway-1,"{'Gpus': [{'Name': 'A4000', 'Manufacturer': 'NVIDIA', 'Count': 1.0, 'MemoryInfo': {'SizeInMiB': 21504}}], 'TotalGpuMemoryInMiB': 21504}",
hyperstack_A4000x8,A4000,8.0,32.0,172,1.2,oslo-norway-1,"{'Gpus': [{'Name': 'A4000', 'Manufacturer': 'NVIDIA', 'Count': 8.0, 'MemoryInfo': {'SizeInMiB': 176128}}], 'TotalGpuMemoryInMiB': 176128}",
hyperstack_L40x8,L40,8.0,252.0,464,8.0,montreal-canada-2,"{'Gpus': [{'Name': 'L40', 'Manufacturer': 'NVIDIA', 'Count': 8.0, 'MemoryInfo': {'SizeInMiB': 475136}}], 'TotalGpuMemoryInMiB': 475136}",
hyperstack_L40,L40,1.0,28.0,58,1.0,montreal-canada-2,"{'Gpus': [{'Name': 'L40', 'Manufacturer': 'NVIDIA', 'Count': 1.0, 'MemoryInfo': {'SizeInMiB': 59392}}], 'TotalGpuMemoryInMiB': 59392}",
hyperstack_A100_80G,A100_80G,1.0,28.0,120,1.35,montreal-canada-2,"{'Gpus': [{'Name': 'A100_80G', 'Manufacturer': 'NVIDIA', 'Count': 1.0, 'MemoryInfo': {'SizeInMiB': 122880}}], 'TotalGpuMemoryInMiB': 122880}",
hyperstack_L40x2,L40,2.0,60.0,116,2.0,montreal-canada-2,"{'Gpus': [{'Name': 'L40', 'Manufacturer': 'NVIDIA', 'Count': 2.0, 'MemoryInfo': {'SizeInMiB': 118784}}], 'TotalGpuMemoryInMiB': 118784}",
hyperstack_L40x4,L40,4.0,126.0,232,4.0,montreal-canada-2,"{'Gpus': [{'Name': 'L40', 'Manufacturer': 'NVIDIA', 'Count': 4.0, 'MemoryInfo': {'SizeInMiB': 237568}}], 'TotalGpuMemoryInMiB': 237568}",
lambdalabs_A100_sxm4_80Gx8,A100_80G,8.0,240.0,1800,14.32,chicago-usa-2,"{'Gpus': [{'Name': 'A100_80G', 'Manufacturer': 'NVIDIA', 'Count': 8.0, 'MemoryInfo': {'SizeInMiB': 1843200}}], 'TotalGpuMemoryInMiB': 1843200}",
lambdalabs_A100_sxm4_80Gx8,A100_80G,8.0,240.0,1800,14.32,sydney-australia-2,"{'Gpus': [{'Name': 'A100_80G', 'Manufacturer': 'NVIDIA', 'Count': 8.0, 'MemoryInfo': {'SizeInMiB': 1843200}}], 'TotalGpuMemoryInMiB': 1843200}",
datacrunch_A100_sxm4_80G,A100_80G,1.0,22.0,120,1.82,helsinki-finland-1,"{'Gpus': [{'Name': 'A100_80G', 'Manufacturer': 'NVIDIA', 'Count': 1.0, 'MemoryInfo': {'SizeInMiB': 122880}}], 'TotalGpuMemoryInMiB': 122880}",
hyperstack_A4000x2,A4000,2.0,8.0,43,0.3,oslo-norway-1,"{'Gpus': [{'Name': 'A4000', 'Manufacturer': 'NVIDIA', 'Count': 2.0, 'MemoryInfo': {'SizeInMiB': 44032}}], 'TotalGpuMemoryInMiB': 44032}",
cudo_A5000x4,A5000,4.0,24.0,96,1.94,montreal-canada-4,"{'Gpus': [{'Name': 'A5000', 'Manufacturer': 'NVIDIA', 'Count': 4.0, 'MemoryInfo': {'SizeInMiB': 98304}}], 'TotalGpuMemoryInMiB': 98304}",
datacrunch_L40S,L40S,1.0,20.0,60,1.36,helsinki-finland-2,"{'Gpus': [{'Name': 'L40S', 'Manufacturer': 'NVIDIA', 'Count': 1.0, 'MemoryInfo': {'SizeInMiB': 61440}}], 'TotalGpuMemoryInMiB': 61440}",
hyperstack_H100x2,H100,2.0,60.0,360,3.8,montreal-canada-2,"{'Gpus': [{'Name': 'H100', 'Manufacturer': 'NVIDIA', 'Count': 2.0, 'MemoryInfo': {'SizeInMiB': 368640}}], 'TotalGpuMemoryInMiB': 368640}",
massedcompute_A6000_base,A6000,1.0,6.0,24,0.57,desmoines-usa-3,"{'Gpus': [{'Name': 'A6000', 'Manufacturer': 'NVIDIA', 'Count': 1.0, 'MemoryInfo': {'SizeInMiB': 24576}}], 'TotalGpuMemoryInMiB': 24576}",
massedcompute_A6000_base,A6000,1.0,6.0,24,0.57,desmoines-usa-1,"{'Gpus': [{'Name': 'A6000', 'Manufacturer': 'NVIDIA', 'Count': 1.0, 'MemoryInfo': {'SizeInMiB': 24576}}], 'TotalGpuMemoryInMiB': 24576}",
massedcompute_A6000_base,A6000,1.0,6.0,24,0.57,kansascity-usa-1,"{'Gpus': [{'Name': 'A6000', 'Manufacturer': 'NVIDIA', 'Count': 1.0, 'MemoryInfo': {'SizeInMiB': 24576}}], 'TotalGpuMemoryInMiB': 24576}",
massedcompute_A6000_basex2,A6000,2.0,14.0,48,1.14,desmoines-usa-3,"{'Gpus': [{'Name': 'A6000', 'Manufacturer': 'NVIDIA', 'Count': 2.0, 'MemoryInfo': {'SizeInMiB': 49152}}], 'TotalGpuMemoryInMiB': 49152}",
massedcompute_A6000_basex2,A6000,2.0,14.0,48,1.14,kansascity-usa-1,"{'Gpus': [{'Name': 'A6000', 'Manufacturer': 'NVIDIA', 'Count': 2.0, 'MemoryInfo': {'SizeInMiB': 49152}}], 'TotalGpuMemoryInMiB': 49152}",
massedcompute_A6000_basex2,A6000,2.0,14.0,48,1.14,desmoines-usa-1,"{'Gpus': [{'Name': 'A6000', 'Manufacturer': 'NVIDIA', 'Count': 2.0, 'MemoryInfo': {'SizeInMiB': 49152}}], 'TotalGpuMemoryInMiB': 49152}",
massedcompute_A6000_basex4,A6000,4.0,30.0,96,2.28,desmoines-usa-3,"{'Gpus': [{'Name': 'A6000', 'Manufacturer': 'NVIDIA', 'Count': 4.0, 'MemoryInfo': {'SizeInMiB': 98304}}], 'TotalGpuMemoryInMiB': 98304}",
massedcompute_A6000_basex4,A6000,4.0,30.0,96,2.28,desmoines-usa-1,"{'Gpus': [{'Name': 'A6000', 'Manufacturer': 'NVIDIA', 'Count': 4.0, 'MemoryInfo': {'SizeInMiB': 98304}}], 'TotalGpuMemoryInMiB': 98304}",
massedcompute_A6000_basex4,A6000,4.0,30.0,96,2.28,kansascity-usa-1,"{'Gpus': [{'Name': 'A6000', 'Manufacturer': 'NVIDIA', 'Count': 4.0, 'MemoryInfo': {'SizeInMiB': 98304}}], 'TotalGpuMemoryInMiB': 98304}",
massedcompute_RTX6000Ada,RTX6000Ada,1.0,12.0,80,0.77,desmoines-usa-3,"{'Gpus': [{'Name': 'RTX6000Ada', 'Manufacturer': 'NVIDIA', 'Count': 1.0, 'MemoryInfo': {'SizeInMiB': 81920}}], 'TotalGpuMemoryInMiB': 81920}",
massedcompute_RTX6000Ada,RTX6000Ada,1.0,12.0,80,0.77,kansascity-usa-5,"{'Gpus': [{'Name': 'RTX6000Ada', 'Manufacturer': 'NVIDIA', 'Count': 1.0, 'MemoryInfo': {'SizeInMiB': 81920}}], 'TotalGpuMemoryInMiB': 81920}",
massedcompute_RTX6000Adax4,RTX6000Ada,4.0,52.0,320,3.08,desmoines-usa-3,"{'Gpus': [{'Name': 'RTX6000Ada', 'Manufacturer': 'NVIDIA', 'Count': 4.0, 'MemoryInfo': {'SizeInMiB': 327680}}], 'TotalGpuMemoryInMiB': 327680}",
massedcompute_RTX6000Adax4,RTX6000Ada,4.0,52.0,320,3.08,kansascity-usa-5,"{'Gpus': [{'Name': 'RTX6000Ada', 'Manufacturer': 'NVIDIA', 'Count': 4.0, 'MemoryInfo': {'SizeInMiB': 327680}}], 'TotalGpuMemoryInMiB': 327680}",
massedcompute_RTX6000Adax2,RTX6000Ada,2.0,26.0,160,1.54,kansascity-usa-5,"{'Gpus': [{'Name': 'RTX6000Ada', 'Manufacturer': 'NVIDIA', 'Count': 2.0, 'MemoryInfo': {'SizeInMiB': 163840}}], 'TotalGpuMemoryInMiB': 163840}",
massedcompute_RTX6000Adax2,RTX6000Ada,2.0,26.0,160,1.54,desmoines-usa-3,"{'Gpus': [{'Name': 'RTX6000Ada', 'Manufacturer': 'NVIDIA', 'Count': 2.0, 'MemoryInfo': {'SizeInMiB': 163840}}], 'TotalGpuMemoryInMiB': 163840}",
latitude_L40Sx8,L40S,8.0,128.0,1536,6.97,frankfurt-germany-5,"{'Gpus': [{'Name': 'L40S', 'Manufacturer': 'NVIDIA', 'Count': 8.0, 'MemoryInfo': {'SizeInMiB': 1572864}}], 'TotalGpuMemoryInMiB': 1572864}",
datacrunch_H200x8,H200,8.0,176.0,1450,26.95,reykjanesbaer-iceland-1,"{'Gpus': [{'Name': 'H200', 'Manufacturer': 'NVIDIA', 'Count': 8.0, 'MemoryInfo': {'SizeInMiB': 1484800}}], 'TotalGpuMemoryInMiB': 1484800}",
datacrunch_H200x2,H200,2.0,88.0,370,6.74,reykjanesbaer-iceland-1,"{'Gpus': [{'Name': 'H200', 'Manufacturer': 'NVIDIA', 'Count': 2.0, 'MemoryInfo': {'SizeInMiB': 378880}}], 'TotalGpuMemoryInMiB': 378880}",
datacrunch_H200x2,H200,2.0,88.0,370,6.74,helsinki-finland-2,"{'Gpus': [{'Name': 'H200', 'Manufacturer': 'NVIDIA', 'Count': 2.0, 'MemoryInfo': {'SizeInMiB': 378880}}], 'TotalGpuMemoryInMiB': 378880}",
hyperstack_A4000x4,A4000,4.0,16.0,86,0.6,oslo-norway-1,"{'Gpus': [{'Name': 'A4000', 'Manufacturer': 'NVIDIA', 'Count': 4.0, 'MemoryInfo': {'SizeInMiB': 88064}}], 'TotalGpuMemoryInMiB': 88064}",
imwt_H100x2,H100,2.0,40.0,256,4.96,desmoines-usa-2,"{'Gpus': [{'Name': 'H100', 'Manufacturer': 'NVIDIA', 'Count': 2.0, 'MemoryInfo': {'SizeInMiB': 262144}}], 'TotalGpuMemoryInMiB': 262144}",
imwt_H100,H100,1.0,20.0,128,2.48,desmoines-usa-2,"{'Gpus': [{'Name': 'H100', 'Manufacturer': 'NVIDIA', 'Count': 1.0, 'MemoryInfo': {'SizeInMiB': 131072}}], 'TotalGpuMemoryInMiB': 131072}",
excesssupply_H200_sxm5,H200,1.0,16.0,200,2.45,kansascity-usa-4,"{'Gpus': [{'Name': 'H200', 'Manufacturer': 'NVIDIA', 'Count': 1.0, 'MemoryInfo': {'SizeInMiB': 204800}}], 'TotalGpuMemoryInMiB': 204800}",
denvr_Gaudi2x8,GAUDI2,8.0,152.0,940,8.8,houston-usa-1,"{'Gpus': [{'Name': 'GAUDI2', 'Manufacturer': 'Intel', 'Count': 8.0, 'MemoryInfo': {'SizeInMiB': 962560}}], 'TotalGpuMemoryInMiB': 962560}",
excesssupply_A100_sxm4_80Gx8,A100_80G,8.0,240.0,1800,13.11,chicago-usa-3,"{'Gpus': [{'Name': 'A100_80G', 'Manufacturer': 'NVIDIA', 'Count': 8.0, 'MemoryInfo': {'SizeInMiB': 1843200}}], 'TotalGpuMemoryInMiB': 1843200}",
excesssupply_A100_sxm4_80Gx8,A100_80G,8.0,240.0,1800,13.11,sydney-australia-3,"{'Gpus': [{'Name': 'A100_80G', 'Manufacturer': 'NVIDIA', 'Count': 8.0, 'MemoryInfo': {'SizeInMiB': 1843200}}], 'TotalGpuMemoryInMiB': 1843200}",
voltagepark_H100_sxm5x8_bm,H100,8.0,104.0,1024,15.92,dallas-usa-5,"{'Gpus': [{'Name': 'H100', 'Manufacturer': 'NVIDIA', 'Count': 8.0, 'MemoryInfo': {'SizeInMiB': 1048576}}], 'TotalGpuMemoryInMiB': 1048576}",
massedcompute_L40Sx8,L40S,8.0,142.0,768,6.88,desmoines-usa-3,"{'Gpus': [{'Name': 'L40S', 'Manufacturer': 'NVIDIA', 'Count': 8.0, 'MemoryInfo': {'SizeInMiB': 786432}}], 'TotalGpuMemoryInMiB': 786432}",
massedcompute_L40S,L40S,1.0,22.0,128,0.86,desmoines-usa-3,"{'Gpus': [{'Name': 'L40S', 'Manufacturer': 'NVIDIA', 'Count': 1.0, 'MemoryInfo': {'SizeInMiB': 131072}}], 'TotalGpuMemoryInMiB': 131072}",
massedcompute_L40S,L40S,1.0,22.0,128,0.86,kansascity-usa-5,"{'Gpus': [{'Name': 'L40S', 'Manufacturer': 'NVIDIA', 'Count': 1.0, 'MemoryInfo': {'SizeInMiB': 131072}}], 'TotalGpuMemoryInMiB': 131072}",
massedcompute_L40S,L40S,1.0,22.0,128,0.86,desmoines-usa-1,"{'Gpus': [{'Name': 'L40S', 'Manufacturer': 'NVIDIA', 'Count': 1.0, 'MemoryInfo': {'SizeInMiB': 131072}}], 'TotalGpuMemoryInMiB': 131072}",
massedcompute_A100_80Gx2,A100_80G,2.0,30.0,128,2.4,desmoines-usa-1,"{'Gpus': [{'Name': 'A100_80G', 'Manufacturer': 'NVIDIA', 'Count': 2.0, 'MemoryInfo': {'SizeInMiB': 131072}}], 'TotalGpuMemoryInMiB': 131072}",
massedcompute_L40Sx4,L40S,4.0,88.0,512,3.44,desmoines-usa-3,"{'Gpus': [{'Name': 'L40S', 'Manufacturer': 'NVIDIA', 'Count': 4.0, 'MemoryInfo': {'SizeInMiB': 524288}}], 'TotalGpuMemoryInMiB': 524288}",
massedcompute_L40Sx2,L40S,2.0,44.0,256,1.72,kansascity-usa-5,"{'Gpus': [{'Name': 'L40S', 'Manufacturer': 'NVIDIA', 'Count': 2.0, 'MemoryInfo': {'SizeInMiB': 262144}}], 'TotalGpuMemoryInMiB': 262144}",
massedcompute_L40Sx2,L40S,2.0,44.0,256,1.72,desmoines-usa-1,"{'Gpus': [{'Name': 'L40S', 'Manufacturer': 'NVIDIA', 'Count': 2.0, 'MemoryInfo': {'SizeInMiB': 262144}}], 'TotalGpuMemoryInMiB': 262144}",
massedcompute_L40Sx2,L40S,2.0,44.0,256,1.72,desmoines-usa-3,"{'Gpus': [{'Name': 'L40S', 'Manufacturer': 'NVIDIA', 'Count': 2.0, 'MemoryInfo': {'SizeInMiB': 262144}}], 'TotalGpuMemoryInMiB': 262144}",
massedcompute_A100_sxm4_80G,A100_80G,1.0,14.0,100,1.24,desmoines-usa-3,"{'Gpus': [{'Name': 'A100_80G', 'Manufacturer': 'NVIDIA', 'Count': 1.0, 'MemoryInfo': {'SizeInMiB': 102400}}], 'TotalGpuMemoryInMiB': 102400}",
massedcompute_A100_sxm4_80G_DGX,A100_80G,1.0,16.0,160,1.24,kansascity-usa-5,"{'Gpus': [{'Name': 'A100_80G', 'Manufacturer': 'NVIDIA', 'Count': 1.0, 'MemoryInfo': {'SizeInMiB': 163840}}], 'TotalGpuMemoryInMiB': 163840}",
cudo_H100,H100,1.0,12.0,59,2.65,kristiansand-norway-2,"{'Gpus': [{'Name': 'H100', 'Manufacturer': 'NVIDIA', 'Count': 1.0, 'MemoryInfo': {'SizeInMiB': 60416}}], 'TotalGpuMemoryInMiB': 60416}",
denvr_A100_sxm4_80Gx8,A100_80G,8.0,200.0,940,10.8,houston-usa-1,"{'Gpus': [{'Name': 'A100_80G', 'Manufacturer': 'NVIDIA', 'Count': 8.0, 'MemoryInfo': {'SizeInMiB': 962560}}], 'TotalGpuMemoryInMiB': 962560}",
denvr_A100_sxm4_80G,A100_80G,1.0,24.0,116,1.35,houston-usa-1,"{'Gpus': [{'Name': 'A100_80G', 'Manufacturer': 'NVIDIA', 'Count': 1.0, 'MemoryInfo': {'SizeInMiB': 118784}}], 'TotalGpuMemoryInMiB': 118784}",
amaya_H200_sxm5x8_NVLINK,H200,8.0,480.0,2048,18.8,dowagiac-usa-1,"{'Gpus': [{'Name': 'H200', 'Manufacturer': 'NVIDIA', 'Count': 8.0, 'MemoryInfo': {'SizeInMiB': 2097152}}], 'TotalGpuMemoryInMiB': 2097152}",
denvr_A100_sxm4,A100,1.0,14.0,117,1.25,calgary-canada-1,"{'Gpus': [{'Name': 'A100', 'Manufacturer': 'NVIDIA', 'Count': 1.0, 'MemoryInfo': {'SizeInMiB': 119808}}], 'TotalGpuMemoryInMiB': 119808}",
boostrun_H200_sxm5x8_NVLINK,H200,8.0,96.0,2048,19.6,raleigh-usa-1,"{'Gpus': [{'Name': 'H200', 'Manufacturer': 'NVIDIA', 'Count': 8.0, 'MemoryInfo': {'SizeInMiB': 2097152}}], 'TotalGpuMemoryInMiB': 2097152}",
boostrun_H200_sxm5x8_NVLINK,H200,8.0,96.0,2048,19.6,dallas-usa-4,"{'Gpus': [{'Name': 'H200', 'Manufacturer': 'NVIDIA', 'Count': 8.0, 'MemoryInfo': {'SizeInMiB': 2097152}}], 'TotalGpuMemoryInMiB': 2097152}",
datacrunch_B200x4,B200,4.0,124.0,1000,19.6,helsinki-finland-5,"{'Gpus': [{'Name': 'B200', 'Manufacturer': 'NVIDIA', 'Count': 4.0, 'MemoryInfo': {'SizeInMiB': 1024000}}], 'TotalGpuMemoryInMiB': 1024000}",
excesssupply_RTX5090,RTX5090,1.0,12.0,120,0.8,oslo-norway-3,"{'Gpus': [{'Name': 'RTX5090', 'Manufacturer': 'NVIDIA', 'Count': 1.0, 'MemoryInfo': {'SizeInMiB': 122880}}], 'TotalGpuMemoryInMiB': 122880}",
excesssupply_B200_sxm5x8_NVLINK,B200,8.0,160.0,1792,36.0,kansascity-usa-4,"{'Gpus': [{'Name': 'B200', 'Manufacturer': 'NVIDIA', 'Count': 8.0, 'MemoryInfo': {'SizeInMiB': 1835008}}], 'TotalGpuMemoryInMiB': 1835008}",
massedcompute_RTX6000Adax8,RTX6000Ada,8.0,104.0,640,6.16,kansascity-usa-5,"{'Gpus': [{'Name': 'RTX6000Ada', 'Manufacturer': 'NVIDIA', 'Count': 8.0, 'MemoryInfo': {'SizeInMiB': 655360}}], 'TotalGpuMemoryInMiB': 655360}",
excesssupply_RTX5090x8,RTX5090,8.0,120.0,960,6.4,oslo-norway-3,"{'Gpus': [{'Name': 'RTX5090', 'Manufacturer': 'NVIDIA', 'Count': 8.0, 'MemoryInfo': {'SizeInMiB': 983040}}], 'TotalGpuMemoryInMiB': 983040}",
excesssupply_RTX5090x2,RTX5090,2.0,24.0,240,1.6,oslo-norway-3,"{'Gpus': [{'Name': 'RTX5090', 'Manufacturer': 'NVIDIA', 'Count': 2.0, 'MemoryInfo': {'SizeInMiB': 245760}}], 'TotalGpuMemoryInMiB': 245760}",
excesssupply_RTX5090x4,RTX5090,4.0,60.0,480,3.2,oslo-norway-3,"{'Gpus': [{'Name': 'RTX5090', 'Manufacturer': 'NVIDIA', 'Count': 4.0, 'MemoryInfo': {'SizeInMiB': 491520}}], 'TotalGpuMemoryInMiB': 491520}",
