InstanceType,vCPUs,MemoryGiB,AcceleratorName,AcceleratorCount,GpuInfo,Region,AvailabilityZone,Price,SpotPrice
a2-highgpu-1g,12.0,85.0,,,,europe-west4,europe-west4-a,0.81406,0.32565
a2-highgpu-1g,12.0,85.0,,,,us-east1,us-east1-b,0.73948,0.29287
a2-highgpu-2g,24.0,170.0,,,,europe-west4,europe-west4-a,1.62813,0.6513
a2-highgpu-2g,24.0,170.0,,,,us-east1,us-east1-b,1.47895,0.58574
a2-highgpu-4g,48.0,340.0,,,,europe-west4,europe-west4-a,3.25626,1.3026
a2-highgpu-4g,48.0,340.0,,,,us-east1,us-east1-b,2.95791,1.17148
a2-highgpu-8g,96.0,680.0,,,,europe-west4,europe-west4-a,6.51251,2.6052
a2-highgpu-8g,96.0,680.0,,,,us-east1,us-east1-b,5.91582,2.34296
a2-megagpu-16g,96.0,1360.0,,,,europe-west4,europe-west4-a,9.68403,3.87408
a2-ultragpu-1g,12.0,170.0,,,,europe-west4,europe-west4-a,1.2105,0.48426
a2-ultragpu-2g,24.0,340.0,,,,europe-west4,europe-west4-a,2.42101,0.96852
a2-ultragpu-4g,48.0,680.0,,,,europe-west4,europe-west4-a,4.84202,1.93704
a2-ultragpu-8g,96.0,1360.0,,,,europe-west4,europe-west4-a,9.68403,3.87408
c2-standard-16,16.0,64.0,,,,europe-west4,europe-west4-a,0.91949,0.12822
c2-standard-16,16.0,64.0,,,,us-east1,us-east1-b,0.83523,0.10611
c2-standard-30,30.0,120.0,,,,europe-west4,europe-west4-a,1.72404,0.24042
c2-standard-30,30.0,120.0,,,,us-east1,us-east1-b,1.56606,0.19896
c2-standard-4,4.0,16.0,,,,europe-west4,europe-west4-a,0.22987,0.03206
c2-standard-4,4.0,16.0,,,,us-east1,us-east1-b,0.20881,0.02653
c2-standard-60,60.0,240.0,,,,europe-west4,europe-west4-a,3.44808,0.48084
c2-standard-60,60.0,240.0,,,,us-east1,us-east1-b,3.13212,0.39792
c2-standard-8,8.0,32.0,,,,europe-west4,europe-west4-a,0.45974,0.06411
c2-standard-8,8.0,32.0,,,,us-east1,us-east1-b,0.41762,0.05306
c2d-highcpu-112,112.0,224.0,,,,europe-west4,europe-west4-a,4.62213,0.9959
c2d-highcpu-112,112.0,224.0,,,,us-east1,us-east1-b,4.19787,1.12605
c2d-highcpu-16,16.0,32.0,,,,europe-west4,europe-west4-a,0.6603,0.14227
c2d-highcpu-16,16.0,32.0,,,,us-east1,us-east1-b,0.5997,0.16086
c2d-highcpu-2,2.0,4.0,,,,europe-west4,europe-west4-a,0.08254,0.01778
c2d-highcpu-2,2.0,4.0,,,,us-east1,us-east1-b,0.07496,0.02011
c2d-highcpu-32,32.0,64.0,,,,europe-west4,europe-west4-a,1.32061,0.28454
c2d-highcpu-32,32.0,64.0,,,,us-east1,us-east1-b,1.19939,0.32173
c2d-highcpu-4,4.0,8.0,,,,europe-west4,europe-west4-a,0.16508,0.03557
c2d-highcpu-4,4.0,8.0,,,,us-east1,us-east1-b,0.14992,0.04022
c2d-highcpu-56,56.0,112.0,,,,europe-west4,europe-west4-a,2.31106,0.49795
c2d-highcpu-56,56.0,112.0,,,,us-east1,us-east1-b,2.09894,0.56302
c2d-highcpu-8,8.0,16.0,,,,europe-west4,europe-west4-a,0.33015,0.07114
c2d-highcpu-8,8.0,16.0,,,,us-east1,us-east1-b,0.29985,0.08043
c2d-highmem-112,112.0,896.0,,,,europe-west4,europe-west4-a,7.55138,1.62826
c2d-highmem-112,112.0,896.0,,,,us-east1,us-east1-b,6.85832,1.83971
c2d-highmem-16,16.0,128.0,,,,europe-west4,europe-west4-a,1.07877,0.23261
c2d-highmem-16,16.0,128.0,,,,us-east1,us-east1-b,0.97976,0.26282
c2d-highmem-2,2.0,16.0,,,,europe-west4,europe-west4-a,0.13485,0.02908
c2d-highmem-2,2.0,16.0,,,,us-east1,us-east1-b,0.12247,0.03285
c2d-highmem-32,32.0,256.0,,,,europe-west4,europe-west4-a,2.15754,0.46522
c2d-highmem-32,32.0,256.0,,,,us-east1,us-east1-b,1.95952,0.52563
c2d-highmem-4,4.0,32.0,,,,europe-west4,europe-west4-a,0.26969,0.05815
c2d-highmem-4,4.0,32.0,,,,us-east1,us-east1-b,0.24494,0.0657
c2d-highmem-56,56.0,448.0,,,,europe-west4,europe-west4-a,3.77569,0.81413
c2d-highmem-56,56.0,448.0,,,,us-east1,us-east1-b,3.42916,0.91986
c2d-highmem-8,8.0,64.0,,,,europe-west4,europe-west4-a,0.53938,0.1163
c2d-highmem-8,8.0,64.0,,,,us-east1,us-east1-b,0.48988,0.13141
c2d-standard-112,112.0,448.0,,,,europe-west4,europe-west4-a,5.59854,1.20669
c2d-standard-112,112.0,448.0,,,,us-east1,us-east1-b,5.08469,1.36394
c2d-standard-16,16.0,64.0,,,,europe-west4,europe-west4-a,0.79979,0.17238
c2d-standard-16,16.0,64.0,,,,us-east1,us-east1-b,0.72638,0.19485
c2d-standard-2,2.0,8.0,,,,europe-west4,europe-west4-a,0.09997,0.02155
c2d-standard-2,2.0,8.0,,,,us-east1,us-east1-b,0.0908,0.02436
c2d-standard-32,32.0,128.0,,,,europe-west4,europe-west4-a,1.59958,0.34477
c2d-standard-32,32.0,128.0,,,,us-east1,us-east1-b,1.45277,0.3897
c2d-standard-4,4.0,16.0,,,,europe-west4,europe-west4-a,0.19995,0.0431
c2d-standard-4,4.0,16.0,,,,us-east1,us-east1-b,0.1816,0.04871
c2d-standard-56,56.0,224.0,,,,europe-west4,europe-west4-a,2.79927,0.60334
c2d-standard-56,56.0,224.0,,,,us-east1,us-east1-b,2.54234,0.68197
c2d-standard-8,8.0,32.0,,,,europe-west4,europe-west4-a,0.3999,0.08619
c2d-standard-8,8.0,32.0,,,,us-east1,us-east1-b,0.36319,0.09742
c3-highcpu-176,176.0,352.0,,,,europe-west4,europe-west4-a,7.96992,3.33907
c3-highcpu-176,176.0,352.0,,,,us-east1,us-east1-b,7.58419,3.03318
c3-highcpu-22,22.0,44.0,,,,europe-west4,europe-west4-a,0.99624,0.41738
c3-highcpu-22,22.0,44.0,,,,us-east1,us-east1-b,0.94802,0.37915
c3-highcpu-4,4.0,8.0,,,,europe-west4,europe-west4-a,0.18113,0.07589
c3-highcpu-4,4.0,8.0,,,,us-east1,us-east1-b,0.17237,0.06894
c3-highcpu-44,44.0,88.0,,,,europe-west4,europe-west4-a,1.99248,0.83477
c3-highcpu-44,44.0,88.0,,,,us-east1,us-east1-b,1.89605,0.7583
c3-highcpu-8,8.0,16.0,,,,europe-west4,europe-west4-a,0.36227,0.15178
c3-highcpu-8,8.0,16.0,,,,us-east1,us-east1-b,0.34474,0.13787
c3-highcpu-88,88.0,176.0,,,,europe-west4,europe-west4-a,3.98496,1.66954
c3-highcpu-88,88.0,176.0,,,,us-east1,us-east1-b,3.7921,1.51659
c3-highmem-176,176.0,1408.0,,,,europe-west4,europe-west4-a,13.02403,5.45741
c3-highmem-176,176.0,1408.0,,,,us-east1,us-east1-b,12.39427,4.95722
c3-highmem-22,22.0,176.0,,,,europe-west4,europe-west4-a,1.628,0.68218
c3-highmem-22,22.0,176.0,,,,us-east1,us-east1-b,1.54928,0.61965
c3-highmem-4,4.0,32.0,,,,europe-west4,europe-west4-a,0.296,0.12403
c3-highmem-4,4.0,32.0,,,,us-east1,us-east1-b,0.28169,0.11266
c3-highmem-44,44.0,352.0,,,,europe-west4,europe-west4-a,3.25601,1.36435
c3-highmem-44,44.0,352.0,,,,us-east1,us-east1-b,3.09857,1.2393
c3-highmem-8,8.0,64.0,,,,europe-west4,europe-west4-a,0.592,0.24806
c3-highmem-8,8.0,64.0,,,,us-east1,us-east1-b,0.56338,0.22533
c3-highmem-88,88.0,704.0,,,,europe-west4,europe-west4-a,6.51202,2.7287
c3-highmem-88,88.0,704.0,,,,us-east1,us-east1-b,6.19714,2.47861
c3-standard-176,176.0,704.0,,,,europe-west4,europe-west4-a,9.65462,4.04518
c3-standard-176,176.0,704.0,,,,us-east1,us-east1-b,9.18755,3.67453
c3-standard-176-lssd,176.0,704.0,,,,europe-west4,europe-west4-a,9.65462,4.04518
c3-standard-176-lssd,176.0,704.0,,,,us-east1,us-east1-b,9.18755,3.67453
c3-standard-22,22.0,88.0,,,,europe-west4,europe-west4-a,1.20683,0.50565
c3-standard-22,22.0,88.0,,,,us-east1,us-east1-b,1.14844,0.45932
c3-standard-22-lssd,22.0,88.0,,,,europe-west4,europe-west4-a,1.20683,0.50565
c3-standard-22-lssd,22.0,88.0,,,,us-east1,us-east1-b,1.14844,0.45932
c3-standard-4,4.0,16.0,,,,europe-west4,europe-west4-a,0.21942,0.09194
c3-standard-4,4.0,16.0,,,,us-east1,us-east1-b,0.20881,0.08351
c3-standard-4-lssd,4.0,16.0,,,,europe-west4,europe-west4-a,0.21942,0.09194
c3-standard-4-lssd,4.0,16.0,,,,us-east1,us-east1-b,0.20881,0.08351
c3-standard-44,44.0,176.0,,,,europe-west4,europe-west4-a,2.41366,1.0113
c3-standard-44,44.0,176.0,,,,us-east1,us-east1-b,2.29689,0.91863
c3-standard-44-lssd,44.0,176.0,,,,europe-west4,europe-west4-a,2.41366,1.0113
c3-standard-44-lssd,44.0,176.0,,,,us-east1,us-east1-b,2.29689,0.91863
c3-standard-8,8.0,32.0,,,,europe-west4,europe-west4-a,0.43885,0.18387
c3-standard-8,8.0,32.0,,,,us-east1,us-east1-b,0.41762,0.16702
c3-standard-8-lssd,8.0,32.0,,,,europe-west4,europe-west4-a,0.43885,0.18387
c3-standard-8-lssd,8.0,32.0,,,,us-east1,us-east1-b,0.41762,0.16702
c3-standard-88,88.0,352.0,,,,europe-west4,europe-west4-a,4.82731,2.02259
c3-standard-88,88.0,352.0,,,,us-east1,us-east1-b,4.59378,1.83726
c3-standard-88-lssd,88.0,352.0,,,,europe-west4,europe-west4-a,4.82731,2.02259
c3-standard-88-lssd,88.0,352.0,,,,us-east1,us-east1-b,4.59378,1.83726
e2-highcpu-16,16.0,16.0,,,,europe-west4,europe-west4-a,0.4357,0.17341
e2-highcpu-16,16.0,16.0,,,,us-east1,us-east1-b,0.39576,0.11873
e2-highcpu-2,2.0,2.0,,,,europe-west4,europe-west4-a,0.05446,0.02168
e2-highcpu-2,2.0,2.0,,,,us-east1,us-east1-b,0.04947,0.01484
e2-highcpu-32,32.0,32.0,,,,europe-west4,europe-west4-a,0.87141,0.34682
e2-highcpu-32,32.0,32.0,,,,us-east1,us-east1-b,0.79152,0.23746
e2-highcpu-4,4.0,4.0,,,,europe-west4,europe-west4-a,0.10893,0.04335
e2-highcpu-4,4.0,4.0,,,,us-east1,us-east1-b,0.09894,0.02968
e2-highcpu-8,8.0,8.0,,,,europe-west4,europe-west4-a,0.21785,0.0867
e2-highcpu-8,8.0,8.0,,,,us-east1,us-east1-b,0.19788,0.05936
e2-highmem-16,16.0,128.0,,,,europe-west4,europe-west4-a,0.79614,0.31654
e2-highmem-16,16.0,128.0,,,,us-east1,us-east1-b,0.7232,0.21696
e2-highmem-2,2.0,16.0,,,,europe-west4,europe-west4-a,0.09952,0.03957
e2-highmem-2,2.0,16.0,,,,us-east1,us-east1-b,0.0904,0.02712
e2-highmem-4,4.0,32.0,,,,europe-west4,europe-west4-a,0.19903,0.07914
e2-highmem-4,4.0,32.0,,,,us-east1,us-east1-b,0.1808,0.05424
e2-highmem-8,8.0,64.0,,,,europe-west4,europe-west4-a,0.39807,0.15827
e2-highmem-8,8.0,64.0,,,,us-east1,us-east1-b,0.3616,0.10848
e2-medium,2.0,4.0,,,,europe-west4,europe-west4-a,0.0609,0.02423
e2-medium,2.0,4.0,,,,us-east1,us-east1-b,0.05532,0.0166
e2-micro,2.0,1.0,,,,europe-west4,europe-west4-a,0.05124,0.0204
e2-micro,2.0,1.0,,,,us-east1,us-east1-b,0.04655,0.01396
e2-small,2.0,2.0,,,,europe-west4,europe-west4-a,0.05446,0.02168
e2-small,2.0,2.0,,,,us-east1,us-east1-b,0.04947,0.01484
e2-standard-16,16.0,64.0,,,,europe-west4,europe-west4-a,0.59018,0.23475
e2-standard-16,16.0,64.0,,,,us-east1,us-east1-b,0.53609,0.16083
e2-standard-2,2.0,8.0,,,,europe-west4,europe-west4-a,0.07377,0.02934
e2-standard-2,2.0,8.0,,,,us-east1,us-east1-b,0.06701,0.0201
e2-standard-32,32.0,128.0,,,,europe-west4,europe-west4-a,1.18035,0.4695
e2-standard-32,32.0,128.0,,,,us-east1,us-east1-b,1.07218,0.32165
e2-standard-4,4.0,16.0,,,,europe-west4,europe-west4-a,0.14754,0.05869
e2-standard-4,4.0,16.0,,,,us-east1,us-east1-b,0.13402,0.04021
e2-standard-8,8.0,32.0,,,,europe-west4,europe-west4-a,0.29509,0.11738
e2-standard-8,8.0,32.0,,,,us-east1,us-east1-b,0.26805,0.08041
f1-micro,1.0,0.599609375,,,,europe-west4,europe-west4-a,0.0084,0.00336
f1-micro,1.0,0.599609375,,,,us-east1,us-east1-b,0.0076,0.0035
g1-small,1.0,1.69921875,,,,europe-west4,europe-west4-a,0.0283,0.00924
g1-small,1.0,1.69921875,,,,us-east1,us-east1-b,0.0257,0.00665
g2-standard-12,12.0,48.0,,,,europe-west4,europe-west4-a,0.46286,0.19399
g2-standard-12,12.0,48.0,,,,us-east1,us-east1-b,0.44038,0.17621
g2-standard-16,16.0,64.0,,,,europe-west4,europe-west4-a,0.61714,0.25866
g2-standard-16,16.0,64.0,,,,us-east1,us-east1-b,0.58717,0.23494
g2-standard-24,24.0,96.0,,,,europe-west4,europe-west4-a,0.92571,0.38798
g2-standard-24,24.0,96.0,,,,us-east1,us-east1-b,0.88075,0.35242
g2-standard-32,32.0,128.0,,,,europe-west4,europe-west4-a,1.23429,0.51731
g2-standard-32,32.0,128.0,,,,us-east1,us-east1-b,1.17434,0.46989
g2-standard-4,4.0,16.0,,,,europe-west4,europe-west4-a,0.15429,0.06466
g2-standard-4,4.0,16.0,,,,us-east1,us-east1-b,0.14679,0.05874
g2-standard-48,48.0,192.0,,,,europe-west4,europe-west4-a,1.85143,0.77597
g2-standard-48,48.0,192.0,,,,us-east1,us-east1-b,1.7615,0.70483
g2-standard-8,8.0,32.0,,,,europe-west4,europe-west4-a,0.30857,0.12933
g2-standard-8,8.0,32.0,,,,us-east1,us-east1-b,0.29358,0.11747
g2-standard-96,96.0,384.0,,,,europe-west4,europe-west4-a,3.70286,1.55194
g2-standard-96,96.0,384.0,,,,us-east1,us-east1-b,3.52301,1.40966
m1-megamem-96,96.0,1433.599609375,,,,us-east1,us-east1-b,10.65216,2.29791
m1-ultramem-160,160.0,3844.0,,,,europe-west4,europe-west4-a,26.46594,5.50497
m1-ultramem-160,160.0,3844.0,,,,us-east1,us-east1-b,25.1724,5.43289
m1-ultramem-40,40.0,961.0,,,,europe-west4,europe-west4-a,6.61648,1.37624
m1-ultramem-40,40.0,961.0,,,,us-east1,us-east1-b,6.2931,1.35822
m1-ultramem-80,80.0,1922.0,,,,europe-west4,europe-west4-a,13.23297,2.75248
m1-ultramem-80,80.0,1922.0,,,,us-east1,us-east1-b,12.5862,2.71644
m3-megamem-128,128.0,1952.0,,,,europe-west4,europe-west4-a,15.14521,2.85155
m3-megamem-128,128.0,1952.0,,,,us-east1,us-east1-b,14.4096,5.76384
m3-megamem-64,64.0,976.0,,,,europe-west4,europe-west4-a,7.57261,1.42578
m3-megamem-64,64.0,976.0,,,,us-east1,us-east1-b,7.2048,2.88192
m3-ultramem-128,128.0,3904.0,,,,europe-west4,europe-west4-a,25.60862,4.82502
m3-ultramem-128,128.0,3904.0,,,,us-east1,us-east1-b,24.3648,9.74592
m3-ultramem-32,32.0,976.0,,,,europe-west4,europe-west4-a,6.40216,1.20626
m3-ultramem-32,32.0,976.0,,,,us-east1,us-east1-b,6.0912,2.43648
m3-ultramem-64,64.0,1952.0,,,,europe-west4,europe-west4-a,12.80431,2.41251
m3-ultramem-64,64.0,1952.0,,,,us-east1,us-east1-b,12.1824,4.87296
n1-340-48-tpu,48.0,340.0,,,,europe-west4,europe-west4-a,3.25626,0.57624
n1-356-96-tpu,96.0,340.0,,,,europe-west4,europe-west4-a,4.92675,0.87096
n1-highcpu-16,16.0,14.400390625,,,,europe-west4,europe-west4-a,0.624,0.11016
n1-highcpu-16,16.0,14.400390625,,,,us-east1,us-east1-b,0.56679,0.11933
n1-highcpu-2,2.0,1.7998046875,,,,europe-west4,europe-west4-a,0.078,0.01377
n1-highcpu-2,2.0,1.7998046875,,,,us-east1,us-east1-b,0.07085,0.01492
n1-highcpu-32,32.0,28.7998046875,,,,europe-west4,europe-west4-a,1.24799,0.22033
n1-highcpu-32,32.0,28.7998046875,,,,us-east1,us-east1-b,1.13358,0.23865
n1-highcpu-4,4.0,3.599609375,,,,europe-west4,europe-west4-a,0.156,0.02754
n1-highcpu-4,4.0,3.599609375,,,,us-east1,us-east1-b,0.1417,0.02983
n1-highcpu-64,64.0,57.599609375,,,,europe-west4,europe-west4-a,2.49597,0.44065
n1-highcpu-64,64.0,57.599609375,,,,us-east1,us-east1-b,2.26715,0.4773
n1-highcpu-8,8.0,7.2001953125,,,,europe-west4,europe-west4-a,0.312,0.05508
n1-highcpu-8,8.0,7.2001953125,,,,us-east1,us-east1-b,0.2834,0.05966
n1-highcpu-96,96.0,86.400390625,,,,europe-west4,europe-west4-a,3.74396,0.66098
n1-highcpu-96,96.0,86.400390625,,,,us-east1,us-east1-b,3.40073,0.71595
n1-highmem-16,16.0,104.0,,,,europe-west4,europe-west4-a,1.04189,0.18435
n1-highmem-16,16.0,104.0,,,,us-east1,us-east1-b,0.94642,0.19925
n1-highmem-2,2.0,13.0,,,,europe-west4,europe-west4-a,0.13024,0.02304
n1-highmem-2,2.0,13.0,,,,us-east1,us-east1-b,0.1183,0.02491
n1-highmem-32,32.0,208.0,,,,europe-west4,europe-west4-a,2.08378,0.3687
n1-highmem-32,32.0,208.0,,,,us-east1,us-east1-b,1.89285,0.3985
n1-highmem-4,4.0,26.0,,,,europe-west4,europe-west4-a,0.26047,0.04609
n1-highmem-4,4.0,26.0,,,,us-east1,us-east1-b,0.23661,0.04981
n1-highmem-64,64.0,416.0,,,,europe-west4,europe-west4-a,4.16755,0.73741
n1-highmem-64,64.0,416.0,,,,us-east1,us-east1-b,3.7857,0.79699
n1-highmem-8,8.0,52.0,,,,europe-west4,europe-west4-a,0.52094,0.09218
n1-highmem-8,8.0,52.0,,,,us-east1,us-east1-b,0.47321,0.09962
n1-highmem-96,96.0,624.0,,,,europe-west4,europe-west4-a,6.25133,1.10611
n1-highmem-96,96.0,624.0,,,,us-east1,us-east1-b,5.67854,1.19549
n1-megamem-96,96.0,1433.599609375,,,,us-east1,us-east1-b,9.10882,1.91765
n1-standard-1,1.0,3.75,,,,europe-west4,europe-west4-a,0.05229,0.00924
n1-standard-1,1.0,3.75,,,,us-east1,us-east1-b,0.0475,0.01
n1-standard-16,16.0,60.0,,,,europe-west4,europe-west4-a,0.83667,0.14792
n1-standard-16,16.0,60.0,,,,us-east1,us-east1-b,0.76,0.16
n1-standard-2,2.0,7.5,,,,europe-west4,europe-west4-a,0.10458,0.01849
n1-standard-2,2.0,7.5,,,,us-east1,us-east1-b,0.095,0.02
n1-standard-32,32.0,120.0,,,,europe-west4,europe-west4-a,1.67334,0.29584
n1-standard-32,32.0,120.0,,,,us-east1,us-east1-b,1.51999,0.32
n1-standard-4,4.0,15.0,,,,europe-west4,europe-west4-a,0.20917,0.03698
n1-standard-4,4.0,15.0,,,,us-east1,us-east1-b,0.19,0.04
n1-standard-64,64.0,240.0,,,,europe-west4,europe-west4-a,3.34669,0.59168
n1-standard-64,64.0,240.0,,,,us-east1,us-east1-b,3.03998,0.64
n1-standard-8,8.0,30.0,,,,europe-west4,europe-west4-a,0.41834,0.07396
n1-standard-8,8.0,30.0,,,,us-east1,us-east1-b,0.38,0.08
n1-standard-96,96.0,360.0,,,,europe-west4,europe-west4-a,5.02003,0.88752
n1-standard-96,96.0,360.0,,,,us-east1,us-east1-b,4.55998,0.96
n1-ultramem-160,160.0,3844.0,,,,europe-west4,europe-west4-a,23.49674,4.16523
n1-ultramem-160,160.0,3844.0,,,,us-east1,us-east1-b,21.34479,4.49365
n1-ultramem-40,40.0,961.0,,,,europe-west4,europe-west4-a,5.87418,1.04131
n1-ultramem-40,40.0,961.0,,,,us-east1,us-east1-b,5.3362,1.12341
n1-ultramem-80,80.0,1922.0,,,,europe-west4,europe-west4-a,11.74837,2.08262
n1-ultramem-80,80.0,1922.0,,,,us-east1,us-east1-b,10.67239,2.24682
n2-highcpu-16,16.0,16.0,,,,europe-west4,europe-west4-a,0.63146,0.15286
n2-highcpu-16,16.0,16.0,,,,us-east1,us-east1-b,0.57357,0.15168
n2-highcpu-2,2.0,2.0,,,,europe-west4,europe-west4-a,0.07893,0.01911
n2-highcpu-2,2.0,2.0,,,,us-east1,us-east1-b,0.0717,0.01896
n2-highcpu-32,32.0,32.0,,,,europe-west4,europe-west4-a,1.26291,0.30573
n2-highcpu-32,32.0,32.0,,,,us-east1,us-east1-b,1.14714,0.30336
n2-highcpu-4,4.0,4.0,,,,europe-west4,europe-west4-a,0.15786,0.03822
n2-highcpu-4,4.0,4.0,,,,us-east1,us-east1-b,0.14339,0.03792
n2-highcpu-48,48.0,48.0,,,,europe-west4,europe-west4-a,1.89437,0.45859
n2-highcpu-48,48.0,48.0,,,,us-east1,us-east1-b,1.7207,0.45504
n2-highcpu-64,64.0,64.0,,,,europe-west4,europe-west4-a,2.52582,0.61146
n2-highcpu-64,64.0,64.0,,,,us-east1,us-east1-b,2.29427,0.60672
n2-highcpu-8,8.0,8.0,,,,europe-west4,europe-west4-a,0.31573,0.07643
n2-highcpu-8,8.0,8.0,,,,us-east1,us-east1-b,0.28678,0.07584
n2-highcpu-80,80.0,80.0,,,,europe-west4,europe-west4-a,3.15728,0.76432
n2-highcpu-80,80.0,80.0,,,,us-east1,us-east1-b,2.86784,0.7584
n2-highcpu-96,96.0,96.0,,,,europe-west4,europe-west4-a,3.78874,0.91718
n2-highcpu-96,96.0,96.0,,,,us-east1,us-east1-b,3.44141,0.91008
n2-highmem-128,128.0,864.0,,,,europe-west4,europe-west4-a,8.48435,2.05754
n2-highmem-128,128.0,864.0,,,,us-east1,us-east1-b,7.70698,2.03776
n2-highmem-16,16.0,128.0,,,,europe-west4,europe-west4-a,1.15382,0.27987
n2-highmem-16,16.0,128.0,,,,us-east1,us-east1-b,1.04811,0.27712
n2-highmem-2,2.0,16.0,,,,europe-west4,europe-west4-a,0.14423,0.03498
n2-highmem-2,2.0,16.0,,,,us-east1,us-east1-b,0.13101,0.03464
n2-highmem-32,32.0,256.0,,,,europe-west4,europe-west4-a,2.30765,0.55974
n2-highmem-32,32.0,256.0,,,,us-east1,us-east1-b,2.09622,0.55424
n2-highmem-4,4.0,32.0,,,,europe-west4,europe-west4-a,0.28846,0.06997
n2-highmem-4,4.0,32.0,,,,us-east1,us-east1-b,0.26203,0.06928
n2-highmem-48,48.0,384.0,,,,europe-west4,europe-west4-a,3.46147,0.83962
n2-highmem-48,48.0,384.0,,,,us-east1,us-east1-b,3.14434,0.83136
n2-highmem-64,64.0,512.0,,,,europe-west4,europe-west4-a,4.6153,1.11949
n2-highmem-64,64.0,512.0,,,,us-east1,us-east1-b,4.19245,1.10848
n2-highmem-8,8.0,64.0,,,,europe-west4,europe-west4-a,0.57691,0.13994
n2-highmem-8,8.0,64.0,,,,us-east1,us-east1-b,0.52406,0.13856
n2-highmem-80,80.0,640.0,,,,europe-west4,europe-west4-a,5.76912,1.39936
n2-highmem-80,80.0,640.0,,,,us-east1,us-east1-b,5.24056,1.3856
n2-highmem-96,96.0,768.0,,,,europe-west4,europe-west4-a,6.92294,1.67923
n2-highmem-96,96.0,768.0,,,,us-east1,us-east1-b,6.28867,1.66272
n2-standard-128,128.0,512.0,,,,europe-west4,europe-west4-a,6.84262,1.65837
n2-standard-128,128.0,512.0,,,,us-east1,us-east1-b,6.21555,1.64352
n2-standard-16,16.0,64.0,,,,europe-west4,europe-west4-a,0.85533,0.2073
n2-standard-16,16.0,64.0,,,,us-east1,us-east1-b,0.77694,0.20544
n2-standard-2,2.0,8.0,,,,europe-west4,europe-west4-a,0.10692,0.02591
n2-standard-2,2.0,8.0,,,,us-east1,us-east1-b,0.09712,0.02568
n2-standard-32,32.0,128.0,,,,europe-west4,europe-west4-a,1.71066,0.41459
n2-standard-32,32.0,128.0,,,,us-east1,us-east1-b,1.55389,0.41088
n2-standard-4,4.0,16.0,,,,europe-west4,europe-west4-a,0.21383,0.05182
n2-standard-4,4.0,16.0,,,,us-east1,us-east1-b,0.19424,0.05136
n2-standard-48,48.0,192.0,,,,europe-west4,europe-west4-a,2.56598,0.62189
n2-standard-48,48.0,192.0,,,,us-east1,us-east1-b,2.33083,0.61632
n2-standard-64,64.0,256.0,,,,europe-west4,europe-west4-a,3.42131,0.82918
n2-standard-64,64.0,256.0,,,,us-east1,us-east1-b,3.10778,0.82176
n2-standard-8,8.0,32.0,,,,europe-west4,europe-west4-a,0.42766,0.10365
n2-standard-8,8.0,32.0,,,,us-east1,us-east1-b,0.38847,0.10272
n2-standard-80,80.0,320.0,,,,europe-west4,europe-west4-a,4.27664,1.03648
n2-standard-80,80.0,320.0,,,,us-east1,us-east1-b,3.88472,1.0272
n2-standard-96,96.0,384.0,,,,europe-west4,europe-west4-a,5.13197,1.24378
n2-standard-96,96.0,384.0,,,,us-east1,us-east1-b,4.66166,1.23264
n2d-192-112-v5lite-tpu,112.0,192.0,,,,europe-west4,europe-west4-a,4.17027,0.62259
n2d-384-224-v5lite-tpu,224.0,384.0,,,,europe-west4,europe-west4-a,8.34054,1.24518
n2d-48-24-v5lite-tpu,24.0,48.0,,,,europe-west4,europe-west4-a,0.92146,0.13757
n2d-highcpu-128,128.0,128.0,,,,europe-west4,europe-west4-a,4.39501,0.65613
n2d-highcpu-128,128.0,128.0,,,,us-east1,us-east1-b,3.99206,0.6647
n2d-highcpu-16,16.0,16.0,,,,europe-west4,europe-west4-a,0.54938,0.08202
n2d-highcpu-16,16.0,16.0,,,,us-east1,us-east1-b,0.49901,0.08309
n2d-highcpu-2,2.0,2.0,,,,europe-west4,europe-west4-a,0.06867,0.01025
n2d-highcpu-2,2.0,2.0,,,,us-east1,us-east1-b,0.06238,0.01039
n2d-highcpu-224,224.0,224.0,,,,europe-west4,europe-west4-a,7.69126,1.14822
n2d-highcpu-224,224.0,224.0,,,,us-east1,us-east1-b,6.98611,1.16323
n2d-highcpu-32,32.0,32.0,,,,europe-west4,europe-west4-a,1.09875,0.16403
n2d-highcpu-32,32.0,32.0,,,,us-east1,us-east1-b,0.99802,0.16618
n2d-highcpu-4,4.0,4.0,,,,europe-west4,europe-west4-a,0.13734,0.0205
n2d-highcpu-4,4.0,4.0,,,,us-east1,us-east1-b,0.12475,0.02077
n2d-highcpu-48,48.0,48.0,,,,europe-west4,europe-west4-a,1.64813,0.24605
n2d-highcpu-48,48.0,48.0,,,,us-east1,us-east1-b,1.49702,0.24926
n2d-highcpu-64,64.0,64.0,,,,europe-west4,europe-west4-a,2.1975,0.32806
n2d-highcpu-64,64.0,64.0,,,,us-east1,us-east1-b,1.99603,0.33235
n2d-highcpu-8,8.0,8.0,,,,europe-west4,europe-west4-a,0.27469,0.04101
n2d-highcpu-8,8.0,8.0,,,,us-east1,us-east1-b,0.2495,0.04154
n2d-highcpu-80,80.0,80.0,,,,europe-west4,europe-west4-a,2.74688,0.41008
n2d-highcpu-80,80.0,80.0,,,,us-east1,us-east1-b,2.49504,0.41544
n2d-highcpu-96,96.0,96.0,,,,europe-west4,europe-west4-a,3.29626,0.4921
n2d-highcpu-96,96.0,96.0,,,,us-east1,us-east1-b,2.99405,0.49853
n2d-highmem-16,16.0,128.0,,,,europe-west4,europe-west4-a,1.00387,0.14989
n2d-highmem-16,16.0,128.0,,,,us-east1,us-east1-b,0.91184,0.15174
n2d-highmem-2,2.0,16.0,,,,europe-west4,europe-west4-a,0.12548,0.01874
n2d-highmem-2,2.0,16.0,,,,us-east1,us-east1-b,0.11398,0.01897
n2d-highmem-32,32.0,256.0,,,,europe-west4,europe-west4-a,2.00774,0.29978
n2d-highmem-32,32.0,256.0,,,,us-east1,us-east1-b,1.82368,0.30349
n2d-highmem-4,4.0,32.0,,,,europe-west4,europe-west4-a,0.25097,0.03747
n2d-highmem-4,4.0,32.0,,,,us-east1,us-east1-b,0.22796,0.03794
n2d-highmem-48,48.0,384.0,,,,europe-west4,europe-west4-a,3.01162,0.44966
n2d-highmem-48,48.0,384.0,,,,us-east1,us-east1-b,2.73552,0.45523
n2d-highmem-64,64.0,512.0,,,,europe-west4,europe-west4-a,4.01549,0.59955
n2d-highmem-64,64.0,512.0,,,,us-east1,us-east1-b,3.64736,0.60698
n2d-highmem-8,8.0,64.0,,,,europe-west4,europe-west4-a,0.50194,0.07494
n2d-highmem-8,8.0,64.0,,,,us-east1,us-east1-b,0.45592,0.07587
n2d-highmem-80,80.0,640.0,,,,europe-west4,europe-west4-a,5.01936,0.74944
n2d-highmem-80,80.0,640.0,,,,us-east1,us-east1-b,4.5592,0.75872
n2d-highmem-96,96.0,768.0,,,,europe-west4,europe-west4-a,6.02323,0.89933
n2d-highmem-96,96.0,768.0,,,,us-east1,us-east1-b,5.47104,0.91046
n2d-standard-128,128.0,512.0,,,,europe-west4,europe-west4-a,5.95328,0.88883
n2d-standard-128,128.0,512.0,,,,us-east1,us-east1-b,5.40749,0.9001
n2d-standard-16,16.0,64.0,,,,europe-west4,europe-west4-a,0.74416,0.1111
n2d-standard-16,16.0,64.0,,,,us-east1,us-east1-b,0.67594,0.11251
n2d-standard-2,2.0,8.0,,,,europe-west4,europe-west4-a,0.09302,0.01389
n2d-standard-2,2.0,8.0,,,,us-east1,us-east1-b,0.08449,0.01406
n2d-standard-224,224.0,896.0,,,,europe-west4,europe-west4-a,10.41824,1.55546
n2d-standard-224,224.0,896.0,,,,us-east1,us-east1-b,9.4631,1.57517
n2d-standard-32,32.0,128.0,,,,europe-west4,europe-west4-a,1.48832,0.22221
n2d-standard-32,32.0,128.0,,,,us-east1,us-east1-b,1.35187,0.22502
n2d-standard-4,4.0,16.0,,,,europe-west4,europe-west4-a,0.18604,0.02778
n2d-standard-4,4.0,16.0,,,,us-east1,us-east1-b,0.16898,0.02813
n2d-standard-48,48.0,192.0,,,,europe-west4,europe-west4-a,2.23248,0.33331
n2d-standard-48,48.0,192.0,,,,us-east1,us-east1-b,2.02781,0.33754
n2d-standard-64,64.0,256.0,,,,europe-west4,europe-west4-a,2.97664,0.44442
n2d-standard-64,64.0,256.0,,,,us-east1,us-east1-b,2.70374,0.45005
n2d-standard-8,8.0,32.0,,,,europe-west4,europe-west4-a,0.37208,0.05555
n2d-standard-8,8.0,32.0,,,,us-east1,us-east1-b,0.33797,0.05626
n2d-standard-80,80.0,320.0,,,,europe-west4,europe-west4-a,3.7208,0.55552
n2d-standard-80,80.0,320.0,,,,us-east1,us-east1-b,3.37968,0.56256
n2d-standard-96,96.0,384.0,,,,europe-west4,europe-west4-a,4.46496,0.66662
n2d-standard-96,96.0,384.0,,,,us-east1,us-east1-b,4.05562,0.67507
t2a-standard-1,1.0,4.0,,,,europe-west4,europe-west4-a,0.04044,0.01271
t2a-standard-16,16.0,64.0,,,,europe-west4,europe-west4-a,0.64711,0.20338
t2a-standard-2,2.0,8.0,,,,europe-west4,europe-west4-a,0.08089,0.02542
t2a-standard-32,32.0,128.0,,,,europe-west4,europe-west4-a,1.29421,0.40675
t2a-standard-4,4.0,16.0,,,,europe-west4,europe-west4-a,0.16178,0.05084
t2a-standard-48,48.0,192.0,,,,europe-west4,europe-west4-a,1.94132,0.61013
t2a-standard-8,8.0,32.0,,,,europe-west4,europe-west4-a,0.32355,0.10169
t2d-standard-1,1.0,4.0,,,,europe-west4,europe-west4-a,0.04651,0.01224
t2d-standard-1,1.0,4.0,,,,us-east1,us-east1-b,0.04225,0.00923
t2d-standard-16,16.0,64.0,,,,europe-west4,europe-west4-a,0.74416,0.19587
t2d-standard-16,16.0,64.0,,,,us-east1,us-east1-b,0.67594,0.14774
t2d-standard-2,2.0,8.0,,,,europe-west4,europe-west4-a,0.09302,0.02448
t2d-standard-2,2.0,8.0,,,,us-east1,us-east1-b,0.08449,0.01847
t2d-standard-32,32.0,128.0,,,,europe-west4,europe-west4-a,1.48832,0.39174
t2d-standard-32,32.0,128.0,,,,us-east1,us-east1-b,1.35187,0.29549
t2d-standard-4,4.0,16.0,,,,europe-west4,europe-west4-a,0.18604,0.04897
t2d-standard-4,4.0,16.0,,,,us-east1,us-east1-b,0.16898,0.03694
t2d-standard-48,48.0,192.0,,,,europe-west4,europe-west4-a,2.23248,0.58762
t2d-standard-48,48.0,192.0,,,,us-east1,us-east1-b,2.02781,0.44323
t2d-standard-60,60.0,240.0,,,,europe-west4,europe-west4-a,2.7906,0.73452
t2d-standard-60,60.0,240.0,,,,us-east1,us-east1-b,2.53476,0.55404
t2d-standard-8,8.0,32.0,,,,europe-west4,europe-west4-a,0.37208,0.09794
t2d-standard-8,8.0,32.0,,,,us-east1,us-east1-b,0.33797,0.07387
,,,A100,1.0,A100,europe-west4,europe-west4-a,2.93391,0.88017
,,,A100,1.0,A100,us-east1,us-east1-b,2.93391,1.1618
,,,A100,2.0,A100,europe-west4,europe-west4-a,5.86782,1.76034
,,,A100,2.0,A100,us-east1,us-east1-b,5.86782,2.3236
,,,A100,4.0,A100,europe-west4,europe-west4-a,11.73563,3.52069
,,,A100,4.0,A100,us-east1,us-east1-b,11.73563,4.6472
,,,A100,8.0,A100,europe-west4,europe-west4-a,23.47126,7.04138
,,,A100,8.0,A100,us-east1,us-east1-b,23.47126,9.2944
,,,A100,16.0,A100,europe-west4,europe-west4-a,46.94253,14.08276
,,,A100,16.0,A100,us-east1,us-east1-b,46.94253,18.5888
,,,A100-80GB,1.0,A100-80GB,europe-west4,europe-west4-a,4.32521,1.37138
,,,A100-80GB,2.0,A100-80GB,europe-west4,europe-west4-a,8.65042,2.74275
,,,A100-80GB,4.0,A100-80GB,europe-west4,europe-west4-a,17.30084,5.4855
,,,A100-80GB,8.0,A100-80GB,europe-west4,europe-west4-a,34.60167,10.97101
,,,L4,1.0,L4,europe-west4,europe-west4-a,0.58863,0.185
,,,L4,1.0,L4,us-east1,us-east1-b,0.56004,0.16801
,,,L4,2.0,L4,europe-west4,europe-west4-a,1.17726,0.37
,,,L4,2.0,L4,us-east1,us-east1-b,1.12008,0.33602
,,,L4,4.0,L4,europe-west4,europe-west4-a,2.35452,0.73999
,,,L4,4.0,L4,us-east1,us-east1-b,2.24016,0.67205
,,,L4,8.0,L4,europe-west4,europe-west4-a,4.70904,1.47998
,,,L4,8.0,L4,us-east1,us-east1-b,4.48032,1.3441
,,,P100,1.0,P100,europe-west4,europe-west4-a,1.6,0.64
,,,P100,1.0,P100,us-east1,us-east1-b,1.46,0.584
,,,P100,2.0,P100,europe-west4,europe-west4-a,3.2,1.28
,,,P100,2.0,P100,us-east1,us-east1-b,2.92,1.168
,,,P100,4.0,P100,europe-west4,europe-west4-a,6.4,2.56
,,,P100,4.0,P100,us-east1,us-east1-b,5.84,2.336
,,,T4,1.0,T4,europe-west4,europe-west4-a,0.35,0.1395
,,,T4,2.0,T4,europe-west4,europe-west4-a,0.7,0.279
,,,T4,4.0,T4,europe-west4,europe-west4-a,1.4,0.558
,,,V100,1.0,V100,europe-west4,europe-west4-a,2.55,1.02
,,,V100,2.0,V100,europe-west4,europe-west4-a,5.1,2.04
,,,V100,4.0,V100,europe-west4,europe-west4-a,10.2,4.08
,,,V100,8.0,V100,europe-west4,europe-west4-a,20.4,8.16
,,,tpu-v2-8,1.0,tpu-v2-8,europe-west4,europe-west4-a,4.95,1.485
,,,tpu-v2-32,1.0,tpu-v2-32,europe-west4,europe-west4-a,24.0,7.2
,,,tpu-v2-128,1.0,tpu-v2-128,europe-west4,europe-west4-a,96.0,28.8
,,,tpu-v2-256,1.0,tpu-v2-256,europe-west4,europe-west4-a,192.0,57.6
,,,tpu-v2-512,1.0,tpu-v2-512,europe-west4,europe-west4-a,384.0,115.2
,,,tpu-v3-8,1.0,tpu-v3-8,europe-west4,europe-west4-a,8.8,2.64
,,,tpu-v3-32,1.0,tpu-v3-32,europe-west4,europe-west4-a,32.0,9.6
,,,tpu-v3-32,1.0,tpu-v3-32,us-east1,us-east1-d,32.0,9.6
,,,tpu-v3-64,1.0,tpu-v3-64,europe-west4,europe-west4-a,64.0,19.2
,,,tpu-v3-64,1.0,tpu-v3-64,us-east1,us-east1-d,64.0,19.2
,,,tpu-v3-128,1.0,tpu-v3-128,europe-west4,europe-west4-a,128.0,38.4
,,,tpu-v3-128,1.0,tpu-v3-128,us-east1,us-east1-d,128.0,38.4
,,,tpu-v3-256,1.0,tpu-v3-256,europe-west4,europe-west4-a,256.0,76.8
,,,tpu-v3-256,1.0,tpu-v3-256,us-east1,us-east1-d,256.0,76.8
,,,tpu-v3-512,1.0,tpu-v3-512,europe-west4,europe-west4-a,512.0,153.6
,,,tpu-v3-512,1.0,tpu-v3-512,us-east1,us-east1-d,512.0,153.6
,,,tpu-v3-1024,1.0,tpu-v3-1024,europe-west4,europe-west4-a,1024.0,307.2
,,,tpu-v3-1024,1.0,tpu-v3-1024,us-east1,us-east1-d,1024.0,307.2
,,,tpu-v3-2048,1.0,tpu-v3-2048,europe-west4,europe-west4-a,2048.0,614.4
,,,tpu-v3-2048,1.0,tpu-v3-2048,us-east1,us-east1-d,2048.0,614.4
n1-highmem-8,8.0,52.0,,,,us-central2,us-central2-b,0.47321,0.09962
